kind,tlen
spike,530
spike,431
spike,229
spike,219
spike,401
spike,401
spike,740
spike,656
spike,268
spike,416
spike,739
spike,626
spike,359
spike,222
spike,270
spike,297
spike,811
spike,502
spike,730
spike,307
spike,245
spike,388
spike,439
spike,282
spike,471
spike,375
spike,596
spike,225
spike,514
spike,400
spike,382
spike,617
spike,692
spike,157
spike,699
spike,442
spike,485
spike,284
spike,431
spike,297
spike,322
spike,231
spike,267
spike,199
spike,174
spike,333
spike,454
spike,205
spike,301
spike,735
spike,325
spike,382
spike,316
spike,1061
spike,291
spike,335
spike,276
spike,480
spike,264
spike,460
spike,343
spike,315
spike,506
spike,382
spike,536
spike,400
spike,550
spike,1073
spike,379
spike,391
spike,253
spike,417
spike,325
spike,532
spike,248
spike,385
spike,615
spike,268
spike,230
spike,235
spike,380
spike,309
spike,614
spike,236
spike,585
spike,179
spike,181
spike,427
spike,413
spike,490
spike,324
spike,396
spike,198
spike,191
spike,368
spike,482
spike,244
spike,503
spike,320
spike,372
spike,857
spike,465
spike,579
spike,397
spike,330
spike,227
spike,316
spike,983
spike,399
spike,192
spike,200
spike,459
spike,485
spike,568
spike,209
spike,234
spike,316
spike,305
spike,399
spike,390
spike,746
spike,507
spike,634
spike,489
spike,930
spike,456
spike,339
spike,296
spike,470
spike,823
spike,729
spike,818
spike,623
spike,539
spike,190
spike,319
spike,420
spike,660
spike,404
spike,250
spike,174
spike,610
spike,582
spike,257
spike,441
spike,456
spike,442
spike,486
spike,505
spike,611
spike,664
spike,642
spike,237
spike,241
spike,706
spike,381
spike,231
spike,194
spike,510
spike,558
spike,428
spike,538
spike,328
spike,662
spike,262
spike,743
spike,451
spike,248
spike,307
spike,355
spike,463
spike,312
spike,168
spike,324
spike,293
spike,271
spike,270
spike,329
spike,605
spike,622
spike,328
spike,637
spike,283
spike,196
spike,428
spike,220
spike,251
spike,204
spike,387
spike,387
spike,303
spike,682
spike,467
spike,198
spike,222
spike,218
spike,355
spike,238
spike,567
spike,646
spike,316
spike,340
spike,320
spike,369
spike,318
spike,295
spike,756
spike,260
spike,432
spike,205
spike,378
spike,187
spike,441
spike,176
spike,292
spike,592
spike,297
spike,412
spike,532
spike,760
spike,237
spike,404
spike,377
spike,571
spike,387
spike,496
spike,555
spike,611
spike,275
spike,374
spike,424
spike,564
spike,246
spike,764
spike,640
spike,563
spike,593
spike,469
spike,250
spike,686
spike,562
spike,685
spike,336
spike,199
spike,584
spike,295
spike,245
spike,291
spike,472
spike,347
spike,174
spike,487
spike,388
spike,829
spike,294
spike,438
spike,760
spike,514
spike,594
spike,355
spike,157
spike,679
spike,469
spike,750
spike,504
spike,264
spike,302
spike,322
spike,339
spike,204
spike,366
spike,658
spike,265
spike,363
spike,353
spike,556
spike,777
spike,209
spike,603
spike,331
spike,588
spike,646
spike,218
spike,503
spike,176
spike,595
spike,516
spike,278
spike,332
spike,273
spike,593
spike,317
spike,292
spike,187
spike,713
spike,382
spike,172
spike,298
spike,286
spike,671
spike,213
spike,335
spike,298
spike,247
spike,363
spike,498
spike,590
spike,176
spike,343
spike,557
spike,354
spike,568
spike,423
spike,600
spike,613
spike,314
spike,644
spike,594
spike,219
spike,346
spike,476
spike,343
spike,575
spike,426
spike,565
spike,630
spike,597
spike,525
spike,389
spike,630
spike,286
spike,513
spike,539
spike,271
spike,793
spike,469
spike,748
spike,467
spike,846
spike,272
spike,273
spike,568
spike,649
spike,328
spike,556
spike,515
spike,329
spike,478
spike,363
spike,290
spike,603
spike,284
spike,292
spike,424
spike,509
spike,777
spike,373
spike,649
spike,556
spike,441
spike,390
spike,431
spike,370
spike,601
spike,778
spike,688
spike,588
spike,276
spike,786
spike,558
spike,324
spike,254
spike,309
spike,381
spike,857
spike,478
spike,194
spike,559
spike,458
spike,250
spike,573
spike,234
spike,429
spike,294
spike,758
spike,217
spike,682
spike,564
spike,464
spike,612
spike,402
spike,386
spike,366
spike,449
spike,449
spike,199
spike,327
spike,396
spike,472
spike,543
spike,380
spike,536
spike,650
spike,423
spike,285
spike,417
spike,536
spike,497
spike,257
spike,397
spike,491
spike,645
spike,236
spike,198
spike,503
spike,482
spike,721
spike,312
spike,611
spike,227
spike,283
spike,754
spike,548
spike,245
spike,359
spike,293
spike,237
spike,247
spike,431
spike,544
spike,184
spike,387
spike,301
spike,207
spike,768
spike,339
spike,640
spike,580
spike,289
spike,658
spike,240
spike,331
spike,278
spike,366
spike,468
spike,300
spike,299
spike,453
spike,346
spike,351
spike,396
spike,714
spike,408
spike,265
spike,274
spike,153
spike,312
spike,303
spike,430
spike,327
spike,400
spike,615
spike,458
spike,480
spike,323
spike,361
spike,438
spike,400
spike,302
spike,730
spike,305
spike,386
spike,535
spike,426
spike,251
spike,555
spike,378
spike,310
spike,301
spike,507
spike,522
spike,226
spike,640
spike,324
spike,342
spike,193
spike,637
spike,582
spike,256
spike,430
spike,328
spike,740
spike,330
spike,533
spike,845
spike,295
spike,460
spike,269
spike,224
spike,306
spike,178
spike,290
spike,627
spike,454
spike,388
spike,702
spike,233
spike,253
spike,474
spike,342
spike,524
spike,319
spike,731
spike,408
spike,336
spike,549
spike,433
spike,413
spike,358
spike,288
spike,220
spike,336
spike,540
spike,555
spike,847
spike,250
spike,295
spike,285
spike,419
spike,242
spike,540
spike,358
spike,190
spike,736
spike,999
spike,350
spike,258
spike,514
spike,252
spike,498
spike,258
spike,408
spike,417
spike,343
spike,819
spike,947
spike,328
spike,399
spike,693
spike,574
spike,215
spike,282
spike,973
spike,201
spike,468
spike,263
spike,380
spike,362
spike,354
spike,308
spike,418
spike,283
spike,319
spike,388
spike,198
spike,307
spike,671
spike,632
spike,319
spike,515
spike,374
spike,840
spike,495
spike,695
spike,663
spike,386
spike,302
spike,430
spike,439
spike,182
spike,329
spike,253
spike,373
spike,190
spike,804
spike,331
spike,427
spike,266
spike,190
spike,424
spike,412
spike,831
spike,384
spike,266
spike,442
spike,345
spike,355
spike,247
spike,556
spike,271
spike,465
spike,469
spike,395
spike,447
spike,294
spike,708
spike,416
spike,324
spike,385
spike,320
spike,632
spike,323
spike,571
spike,238
spike,421
spike,276
spike,273
spike,750
spike,553
spike,193
spike,550
spike,201
spike,314
spike,447
spike,840
spike,411
spike,274
spike,396
spike,419
spike,368
spike,485
spike,821
spike,409
spike,296
spike,430
spike,409
spike,593
spike,565
spike,488
spike,561
spike,414
spike,738
spike,454
spike,324
spike,355
spike,356
spike,1205
spike,466
spike,466
spike,355
spike,271
spike,264
spike,577
spike,604
spike,328
spike,637
spike,479
spike,405
spike,269
spike,768
spike,358
spike,608
spike,372
spike,252
spike,485
spike,369
spike,838
spike,385
spike,271
spike,465
spike,351
spike,563
spike,267
spike,859
spike,345
spike,619
spike,392
spike,842
spike,450
spike,236
spike,251
spike,466
spike,333
spike,313
spike,731
spike,187
spike,264
spike,243
spike,517
spike,333
spike,341
spike,340
spike,440
spike,190
spike,429
spike,299
spike,858
spike,290
spike,613
spike,261
spike,442
spike,409
spike,460
spike,808
spike,796
spike,722
spike,387
spike,513
spike,190
spike,662
spike,363
spike,278
spike,306
spike,239
spike,358
spike,849
spike,367
spike,422
spike,671
spike,565
spike,537
spike,317
spike,332
spike,830
spike,330
spike,395
spike,523
spike,470
spike,229
spike,448
spike,713
spike,492
spike,168
spike,293
spike,1037
spike,299
spike,471
spike,465
spike,306
spike,177
spike,272
spike,244
spike,265
spike,369
spike,335
spike,424
spike,515
spike,341
spike,726
spike,614
spike,347
spike,304
spike,312
spike,401
spike,290
spike,219
spike,310
spike,221
spike,350
spike,589
spike,323
spike,608
spike,586
spike,383
spike,280
spike,266
spike,462
spike,458
spike,383
spike,245
spike,214
spike,442
spike,782
spike,395
spike,315
spike,502
spike,619
spike,299
spike,643
spike,549
spike,297
spike,613
spike,362
spike,252
spike,253
spike,587
spike,574
spike,885
spike,330
spike,496
spike,772
spike,414
spike,616
spike,240
spike,389
spike,283
spike,478
spike,711
spike,311
spike,394
spike,489
spike,322
spike,458
spike,570
spike,210
spike,671
spike,415
spike,278
spike,331
spike,231
spike,201
spike,480
spike,335
spike,378
spike,369
spike,398
spike,524
spike,581
spike,256
spike,257
spike,362
spike,407
spike,417
spike,353
spike,514
spike,688
spike,421
spike,344
spike,271
spike,412
spike,745
spike,233
spike,343
spike,305
spike,350
spike,363
spike,418
spike,500
spike,296
spike,575
spike,757
spike,331
spike,360
spike,428
spike,446
spike,388
spike,493
spike,358
spike,371
spike,312
spike,318
spike,426
spike,226
spike,734
spike,553
spike,731
spike,311
spike,368
spike,246
spike,810
spike,1084
spike,851
spike,455
spike,711
spike,257
spike,239
spike,341
spike,355
spike,734
spike,250
spike,486
spike,704
spike,232
spike,412
spike,445
spike,529
spike,498
spike,727
spike,471
spike,375
spike,329
spike,283
spike,499
spike,284
spike,568
spike,264
spike,379
spike,548
spike,799
spike,254
spike,151
spike,802
spike,520
spike,272
spike,275
spike,246
spike,309
spike,371
spike,721
spike,336
spike,643
spike,589
spike,444
spike,352
spike,264
spike,259
spike,472
spike,784
spike,566
spike,316
spike,510
spike,610
spike,426
spike,314
spike,367
spike,421
spike,394
spike,560
spike,312
spike,284
spike,632
spike,368
spike,486
spike,681
spike,400
spike,269
spike,443
spike,383
spike,324
spike,358
spike,300
spike,294
spike,243
spike,298
spike,487
spike,676
spike,293
spike,569
spike,286
spike,570
spike,715
spike,406
spike,350
spike,642
spike,434
spike,233
spike,576
spike,483
spike,231
spike,247
spike,399
spike,349
spike,527
spike,432
spike,411
spike,314
spike,225
spike,304
spike,392
spike,216
spike,261
spike,320
spike,226
spike,295
spike,422
spike,568
spike,306
spike,588
spike,558
spike,258
spike,499
spike,276
spike,398
spike,323
spike,307
spike,557
spike,602
spike,323
spike,216
spike,191
spike,832
spike,282
spike,165
spike,538
spike,439
spike,340
spike,355
spike,415
spike,288
spike,573
spike,483
spike,633
spike,217
spike,943
spike,386
spike,189
spike,263
spike,666
spike,289
spike,503
spike,307
spike,553
spike,181
spike,579
spike,363
spike,499
spike,872
spike,192
spike,342
spike,559
spike,273
spike,721
spike,478
spike,563
spike,354
spike,671
spike,548
spike,383
spike,529
spike,570
spike,647
spike,548
spike,931
spike,835
spike,505
spike,333
spike,610
spike,344
spike,313
spike,179
spike,727
spike,557
spike,851
spike,202
spike,602
spike,507
spike,328
spike,571
spike,194
spike,499
spike,235
spike,548
spike,837
spike,403
spike,872
spike,414
spike,362
spike,448
spike,549
spike,475
spike,385
spike,316
spike,514
spike,311
spike,232
spike,318
spike,259
spike,437
spike,727
spike,349
spike,587
spike,206
spike,485
spike,205
spike,522
spike,261
spike,316
spike,618
spike,366
spike,165
spike,795
spike,392
spike,655
spike,277
spike,453
spike,692
spike,486
spike,525
spike,312
spike,681
spike,251
spike,192
spike,836
spike,515
spike,383
spike,942
spike,705
spike,1135
spike,549
spike,759
spike,719
spike,157
spike,485
spike,241
spike,456
spike,347
spike,373
spike,315
spike,630
spike,420
spike,468
spike,284
spike,235
spike,358
spike,366
spike,357
spike,609
spike,298
spike,156
spike,467
spike,533
spike,772
spike,261
spike,241
spike,311
spike,350
spike,324
spike,432
spike,329
spike,324
spike,263
spike,616
spike,231
spike,755
spike,621
spike,574
spike,371
spike,560
spike,265
spike,224
spike,259
spike,401
spike,530
spike,964
spike,391
spike,264
spike,282
spike,290
spike,600
spike,318
spike,568
spike,219
spike,558
spike,458
spike,238
spike,690
spike,323
spike,276
spike,499
spike,254
spike,348
spike,695
spike,948
spike,631
spike,500
spike,523
spike,342
spike,720
spike,261
spike,653
spike,290
spike,809
spike,350
spike,225
spike,368
spike,194
spike,232
spike,960
spike,739
spike,735
spike,406
spike,538
spike,542
spike,267
spike,345
spike,370
spike,470
spike,249
spike,219
spike,556
spike,642
spike,466
spike,367
spike,435
spike,322
spike,433
spike,311
spike,444
spike,251
spike,233
spike,727
spike,259
spike,390
spike,184
spike,616
spike,446
spike,341
spike,233
spike,450
spike,195
spike,599
spike,479
spike,910
spike,274
spike,609
spike,437
spike,454
spike,247
spike,713
spike,264
spike,548
spike,378
spike,328
spike,444
spike,282
spike,399
spike,261
spike,398
spike,695
spike,342
spike,398
spike,367
spike,653
spike,226
spike,545
spike,340
spike,313
spike,556
spike,505
spike,499
spike,170
spike,474
spike,639
spike,313
spike,463
spike,721
spike,460
spike,326
spike,442
spike,380
spike,497
spike,536
spike,809
spike,550
spike,676
spike,730
spike,466
spike,289
spike,389
spike,592
spike,273
spike,400
spike,329
spike,621
spike,200
spike,464
spike,489
spike,722
spike,297
spike,288
spike,379
spike,600
spike,401
spike,1192
spike,628
spike,609
spike,389
spike,696
spike,405
spike,266
spike,371
spike,545
spike,274
spike,537
spike,521
spike,264
spike,294
spike,258
spike,423
spike,362
spike,575
spike,481
spike,320
spike,570
spike,344
spike,547
spike,377
spike,220
spike,321
spike,798
spike,211
spike,274
spike,417
spike,501
spike,281
spike,248
spike,350
spike,318
spike,374
spike,227
spike,433
spike,300
spike,553
spike,370
spike,367
spike,360
spike,910
spike,298
spike,881
spike,697
spike,300
spike,309
spike,320
spike,193
spike,294
spike,397
spike,372
spike,391
spike,327
spike,288
spike,676
spike,437
spike,526
spike,492
spike,327
spike,400
spike,367
spike,503
spike,566
spike,740
spike,581
spike,153
spike,469
spike,277
spike,372
spike,157
spike,477
spike,335
spike,409
spike,316
spike,496
spike,370
spike,343
spike,240
spike,502
spike,391
spike,914
spike,286
spike,530
spike,485
spike,561
spike,325
spike,556
spike,277
spike,307
spike,391
spike,241
spike,401
spike,464
spike,377
spike,408
spike,380
spike,441
spike,541
spike,767
spike,376
spike,752
spike,309
spike,275
spike,699
spike,365
spike,338
spike,442
spike,535
spike,557
spike,326
spike,176
spike,523
spike,674
spike,283
spike,387
spike,607
spike,591
spike,439
spike,213
spike,289
spike,371
spike,253
spike,422
spike,247
spike,153
spike,280
spike,420
spike,479
spike,387
spike,439
spike,270
spike,343
spike,317
spike,384
spike,988
spike,393
spike,547
spike,709
spike,240
spike,353
spike,325
spike,335
spike,396
spike,571
spike,533
spike,234
spike,619
spike,325
spike,384
spike,197
spike,308
spike,736
spike,551
spike,407
spike,309
spike,329
spike,616
spike,505
spike,473
spike,288
spike,407
spike,483
spike,455
spike,237
spike,217
spike,178
spike,425
spike,323
spike,658
spike,259
spike,636
spike,596
spike,702
spike,590
spike,823
spike,366
spike,253
spike,911
spike,525
spike,227
spike,573
spike,698
spike,626
spike,294
spike,442
spike,589
spike,335
spike,255
spike,411
spike,185
spike,419
spike,392
spike,221
spike,995
spike,385
spike,669
spike,215
spike,660
spike,372
spike,322
spike,318
spike,520
spike,650
spike,431
spike,453
spike,405
spike,256
spike,324
spike,323
spike,304
spike,865
spike,292
spike,389
spike,240
spike,754
spike,353
spike,559
spike,239
spike,798
spike,159
spike,716
spike,480
spike,255
spike,525
spike,303
spike,236
spike,247
spike,413
spike,366
spike,279
spike,446
spike,655
spike,327
spike,160
spike,447
spike,665
spike,309
spike,270
spike,254
spike,415
spike,449
spike,462
spike,263
spike,350
spike,223
spike,371
spike,380
spike,802
spike,293
spike,311
spike,929
spike,429
spike,347
spike,278
spike,253
spike,1074
spike,280
spike,405
spike,498
spike,192
spike,273
spike,268
spike,458
spike,303
spike,549
spike,418
spike,217
spike,197
spike,767
spike,723
spike,453
spike,275
spike,324
spike,182
spike,909
spike,295
spike,246
spike,722
spike,334
spike,562
spike,348
spike,303
spike,520
spike,901
spike,280
spike,207
spike,377
spike,213
spike,183
spike,249
spike,357
spike,477
spike,540
spike,402
spike,301
spike,295
spike,553
spike,252
spike,625
spike,339
spike,196
spike,435
spike,427
spike,300
spike,496
spike,324
spike,384
spike,401
spike,548
spike,306
spike,229
spike,549
spike,325
spike,326
spike,615
spike,581
spike,334
spike,375
spike,252
spike,339
spike,178
spike,362
spike,560
spike,438
spike,565
spike,188
spike,449
spike,406
spike,279
spike,344
spike,321
spike,321
spike,917
spike,772
spike,586
spike,182
spike,290
spike,508
spike,198
spike,227
spike,654
spike,529
spike,533
spike,227
spike,626
spike,377
spike,227
spike,657
spike,719
spike,203
spike,435
spike,386
spike,386
spike,407
spike,546
spike,594
spike,379
spike,233
spike,617
spike,369
spike,356
spike,321
spike,257
spike,252
spike,342
spike,365
spike,211
spike,300
spike,382
spike,727
spike,246
spike,240
spike,378
spike,723
spike,458
spike,334
spike,250
spike,562
spike,452
spike,494
spike,547
spike,449
spike,322
spike,228
spike,615
spike,185
spike,272
spike,473
spike,271
spike,273
spike,183
spike,489
spike,829
spike,191
spike,501
spike,350
spike,885
spike,307
spike,282
spike,436
spike,590
spike,562
spike,310
spike,436
spike,614
spike,527
spike,1073
spike,388
spike,381
spike,229
spike,371
spike,525
spike,550
spike,840
spike,540
spike,289
spike,516
spike,533
spike,573
spike,474
spike,318
spike,378
spike,543
spike,471
spike,272
spike,398
spike,337
spike,991
spike,531
spike,273
spike,602
spike,355
spike,310
spike,578
spike,402
spike,212
spike,293
spike,419
spike,331
spike,244
spike,250
spike,308
spike,263
spike,433
spike,469
spike,528
spike,160
spike,871
spike,285
spike,463
spike,384
spike,611
spike,207
spike,652
spike,274
spike,909
spike,338
spike,320
spike,236
spike,300
spike,330
spike,700
spike,451
spike,367
spike,459
spike,379
spike,429
spike,423
spike,563
spike,212
spike,472
spike,829
spike,200
spike,823
spike,408
spike,473
spike,370
spike,375
spike,460
spike,541
spike,518
spike,331
spike,273
spike,248
spike,718
spike,786
spike,375
spike,536
spike,300
spike,216
spike,552
spike,322
spike,329
spike,550
spike,853
spike,420
spike,411
spike,305
spike,319
spike,416
spike,509
spike,266
spike,268
spike,247
spike,529
spike,303
spike,943
spike,437
spike,692
spike,450
spike,232
spike,185
spike,209
spike,556
spike,545
spike,382
spike,269
spike,251
spike,314
spike,651
spike,585
spike,440
spike,374
spike,216
spike,346
spike,562
spike,334
spike,488
spike,482
spike,266
spike,271
spike,554
spike,325
spike,409
spike,336
spike,438
spike,349
spike,211
spike,350
spike,558
spike,400
spike,279
spike,253
spike,518
spike,285
spike,487
spike,419
spike,711
spike,421
spike,199
spike,624
spike,401
spike,401
spike,402
spike,381
spike,372
spike,306
spike,254
spike,329
spike,170
spike,323
spike,338
spike,320
spike,253
spike,484
spike,492
spike,728
spike,253
spike,369
spike,409
spike,232
spike,764
spike,249
spike,322
spike,350
spike,315
spike,477
spike,280
spike,228
spike,247
spike,554
spike,618
spike,226
spike,809
spike,299
spike,420
spike,583
spike,236
spike,236
spike,423
spike,189
spike,403
spike,500
spike,272
spike,231
spike,327
spike,368
spike,388
spike,263
spike,654
spike,200
spike,205
spike,421
spike,436
spike,324
spike,241
spike,307
spike,222
spike,219
spike,310
spike,453
spike,597
spike,678
spike,230
spike,478
spike,380
spike,355
spike,389
spike,215
spike,473
spike,497
spike,374
spike,388
spike,545
spike,500
spike,224
spike,255
spike,336
spike,348
spike,443
spike,381
spike,201
spike,620
spike,232
spike,354
spike,613
spike,621
spike,704
spike,415
spike,544
spike,336
spike,765
spike,516
spike,258
spike,241
spike,523
spike,543
spike,391
spike,163
spike,321
spike,689
spike,657
spike,401
spike,272
spike,306
spike,437
spike,723
spike,523
spike,873
spike,730
spike,492
spike,210
spike,226
spike,383
spike,519
spike,405
spike,236
spike,1163
spike,345
spike,302
spike,174
spike,602
spike,290
spike,780
spike,212
spike,597
spike,391
spike,529
spike,284
spike,459
spike,366
spike,580
spike,812
spike,633
spike,418
spike,461
spike,179
spike,230
spike,476
spike,368
spike,466
spike,276
spike,235
spike,344
spike,224
spike,223
spike,200
spike,430
spike,394
spike,594
spike,852
spike,192
spike,436
spike,581
spike,576
spike,480
spike,400
spike,308
spike,597
spike,764
spike,273
spike,748
spike,281
spike,313
spike,329
spike,203
spike,582
spike,543
spike,454
spike,615
spike,234
spike,292
spike,852
spike,430
spike,436
spike,408
spike,354
spike,263
spike,541
spike,228
spike,326
spike,544
spike,498
spike,565
spike,462
spike,519
spike,258
spike,266
spike,406
spike,547
spike,598
spike,377
spike,616
spike,329
spike,313
spike,284
spike,575
spike,492
spike,403
spike,1097
spike,752
spike,214
spike,219
spike,404
spike,393
spike,525
spike,633
spike,288
spike,224
spike,465
spike,509
spike,254
spike,225
spike,361
spike,391
spike,456
spike,216
spike,519
spike,276
spike,876
spike,548
spike,388
spike,930
spike,533
spike,580
spike,250
spike,297
spike,437
spike,415
spike,468
spike,348
spike,708
spike,354
spike,559
spike,318
spike,322
spike,356
spike,252
spike,239
spike,389
spike,359
spike,253
spike,243
spike,268
spike,274
spike,189
spike,582
spike,391
spike,646
spike,192
spike,301
spike,465
spike,342
spike,355
spike,251
spike,712
spike,385
spike,295
spike,547
spike,697
spike,239
spike,631
spike,280
spike,452
spike,418
spike,368
spike,547
spike,562
spike,421
spike,260
spike,574
spike,428
spike,205
spike,446
spike,577
spike,272
spike,629
spike,344
spike,206
spike,825
spike,737
spike,311
spike,321
spike,323
spike,167
spike,487
spike,462
spike,365
spike,312
spike,487
spike,464
spike,280
spike,682
spike,244
spike,218
spike,268
spike,257
spike,382
spike,279
spike,415
spike,556
spike,299
spike,371
spike,535
spike,214
spike,825
spike,329
spike,302
spike,298
spike,541
spike,394
spike,620
spike,334
spike,387
spike,410
spike,500
spike,384
spike,889
spike,507
spike,593
spike,281
spike,765
spike,555
spike,488
spike,293
spike,543
spike,230
spike,636
spike,559
spike,298
spike,183
spike,500
spike,683
spike,682
spike,390
spike,629
spike,301
spike,565
spike,461
spike,473
spike,367
spike,335
spike,369
spike,305
spike,394
spike,337
spike,183
spike,598
spike,295
spike,318
spike,444
spike,290
spike,711
spike,279
spike,215
spike,309
spike,420
spike,296
spike,300
spike,325
spike,546
spike,823
spike,825
spike,333
spike,245
spike,349
spike,516
spike,298
spike,424
spike,598
spike,203
spike,682
spike,448
spike,591
spike,246
spike,176
spike,593
spike,405
spike,293
spike,354
spike,369
spike,283
spike,316
spike,314
spike,264
spike,403
spike,576
spike,531
spike,800
spike,215
spike,593
spike,180
spike,632
spike,395
spike,397
spike,175
spike,237
spike,709
spike,494
spike,184
spike,258
spike,382
spike,275
spike,532
spike,471
spike,349
spike,565
spike,419
spike,246
spike,480
spike,316
spike,187
spike,363
spike,482
spike,296
spike,227
spike,919
spike,262
spike,316
spike,549
spike,415
spike,369
spike,280
spike,426
spike,428
spike,300
spike,358
spike,344
spike,565
spike,329
spike,219
spike,242
spike,214
spike,197
spike,322
spike,579
spike,316
spike,460
spike,527
spike,296
spike,353
spike,378
spike,332
spike,458
spike,555
spike,496
spike,655
spike,858
spike,517
spike,537
spike,187
spike,504
spike,826
spike,202
spike,468
spike,178
spike,426
spike,254
spike,471
spike,778
spike,546
spike,195
spike,803
spike,357
spike,333
spike,983
spike,282
spike,528
spike,349
spike,390
spike,376
spike,366
spike,268
spike,379
spike,256
spike,279
spike,301
spike,495
spike,694
spike,410
spike,426
spike,524
spike,215
spike,544
spike,599
spike,349
spike,708
spike,887
spike,241
spike,426
spike,458
spike,289
spike,222
spike,412
spike,465
spike,363
spike,486
spike,380
spike,462
spike,240
spike,226
spike,257
spike,486
spike,412
spike,401
spike,285
spike,249
spike,513
spike,800
spike,376
spike,242
spike,546
spike,632
spike,273
spike,360
spike,785
spike,378
spike,452
spike,267
spike,307
spike,786
spike,222
spike,248
spike,763
spike,665
spike,783
spike,166
spike,544
spike,611
spike,295
spike,345
spike,269
spike,412
spike,763
spike,221
spike,226
spike,359
spike,428
spike,262
spike,324
spike,673
spike,460
spike,688
spike,733
spike,483
spike,590
spike,367
spike,341
spike,620
spike,181
spike,600
spike,847
spike,216
spike,374
spike,340
spike,421
spike,440
spike,341
spike,414
spike,255
spike,479
spike,399
spike,996
spike,212
spike,332
spike,201
spike,528
spike,616
spike,438
spike,334
spike,609
spike,430
spike,909
spike,441
spike,321
spike,576
spike,208
spike,478
spike,291
spike,864
spike,233
spike,315
spike,299
spike,343
spike,580
spike,600
spike,412
spike,636
spike,470
spike,519
spike,186
spike,424
spike,319
spike,398
spike,616
spike,390
spike,473
spike,381
spike,260
spike,599
spike,379
spike,695
spike,186
spike,372
spike,652
spike,541
spike,507
spike,201
spike,197
spike,533
spike,561
spike,262
spike,334
spike,427
spike,215
spike,419
spike,685
spike,327
spike,685
spike,551
spike,309
spike,599
spike,178
spike,341
spike,855
spike,860
spike,317
spike,524
spike,273
spike,177
spike,593
spike,381
spike,338
spike,620
spike,539
spike,398
spike,414
spike,944
spike,575
spike,349
spike,210
spike,357
spike,591
spike,277
spike,449
spike,398
spike,358
spike,233
spike,315
spike,693
spike,346
spike,166
spike,280
spike,204
spike,1021
spike,348
spike,544
spike,216
spike,463
spike,650
spike,345
spike,294
spike,420
spike,387
spike,459
spike,652
spike,163
spike,430
spike,397
spike,415
spike,427
spike,297
spike,666
spike,528
spike,348
spike,487
spike,271
spike,432
spike,492
spike,273
spike,455
spike,687
spike,629
spike,310
spike,628
spike,764
spike,342
spike,425
spike,670
spike,208
spike,313
spike,426
spike,536
spike,616
spike,459
spike,633
spike,669
spike,331
spike,409
spike,408
spike,892
spike,470
spike,280
spike,456
spike,549
spike,256
spike,628
spike,245
spike,534
spike,238
spike,245
spike,754
spike,346
spike,292
spike,267
spike,187
spike,232
spike,366
spike,462
spike,442
spike,326
spike,307
spike,339
spike,673
spike,274
spike,551
spike,858
spike,708
spike,548
spike,264
spike,358
spike,478
spike,255
spike,307
spike,595
spike,689
spike,493
spike,300
spike,860
spike,607
spike,770
spike,496
spike,318
spike,539
spike,252
spike,1055
spike,408
spike,345
spike,316
spike,349
spike,231
spike,212
spike,479
spike,576
spike,714
spike,307
spike,424
spike,175
spike,270
spike,449
spike,392
spike,288
spike,400
spike,665
spike,254
spike,351
spike,608
spike,232
spike,312
spike,600
spike,428
spike,872
spike,406
spike,318
spike,457
spike,506
spike,233
spike,521
spike,316
spike,188
spike,309
spike,289
spike,502
spike,255
spike,401
spike,574
spike,610
spike,267
spike,361
spike,487
spike,364
spike,654
spike,485
spike,470
spike,572
spike,293
spike,461
spike,283
spike,435
spike,374
spike,917
spike,374
spike,454
spike,826
spike,210
spike,390
spike,416
spike,338
spike,312
spike,540
spike,277
spike,383
spike,304
spike,289
spike,192
spike,328
spike,780
spike,295
spike,175
spike,375
spike,374
spike,230
spike,235
spike,207
spike,195
spike,289
spike,199
spike,860
spike,228
spike,303
spike,293
spike,451
spike,449
spike,293
spike,292
spike,725
spike,283
spike,424
spike,193
spike,297
spike,356
spike,234
spike,721
spike,190
spike,643
spike,271
spike,212
spike,636
spike,292
spike,468
spike,253
spike,180
spike,165
spike,200
spike,356
spike,216
spike,1114
spike,743
spike,812
spike,564
spike,331
spike,516
spike,866
spike,205
spike,752
spike,573
spike,762
spike,353
spike,258
spike,696
spike,512
spike,771
spike,396
spike,531
spike,253
spike,466
spike,324
spike,198
spike,481
spike,219
spike,275
spike,299
spike,331
spike,707
spike,691
spike,436
spike,237
spike,239
spike,405
spike,402
spike,215
spike,245
spike,480
spike,225
spike,561
spike,417
spike,493
spike,286
spike,213
spike,403
spike,309
spike,482
spike,389
spike,657
spike,707
spike,522
spike,473
spike,364
spike,197
spike,251
spike,309
spike,570
spike,544
spike,586
spike,197
spike,815
spike,294
spike,391
spike,696
spike,486
spike,527
spike,381
spike,355
spike,174
spike,354
spike,504
spike,719
spike,346
spike,716
spike,627
spike,349
spike,351
spike,374
spike,379
spike,464
spike,1105
spike,228
spike,252
spike,171
spike,173
spike,350
spike,276
spike,341
spike,394
spike,824
spike,338
spike,331
spike,455
spike,239
spike,873
spike,244
spike,730
spike,631
spike,590
spike,679
spike,451
spike,474
spike,233
spike,359
spike,248
spike,408
spike,300
spike,360
spike,196
spike,434
spike,224
spike,613
spike,305
spike,213
spike,738
spike,280
spike,447
spike,364
spike,775
spike,363
spike,385
spike,487
spike,437
spike,285
spike,414
spike,712
spike,349
spike,309
spike,816
spike,220
spike,582
spike,342
spike,509
spike,330
spike,795
spike,397
spike,775
spike,893
spike,275
spike,375
spike,331
spike,464
spike,187
spike,592
spike,333
spike,452
spike,364
spike,655
spike,280
spike,375
spike,491
spike,413
spike,735
spike,292
spike,405
spike,540
spike,610
spike,344
spike,202
spike,435
spike,463
spike,623
spike,824
spike,469
spike,582
spike,264
spike,490
spike,337
spike,971
spike,629
spike,436
spike,703
spike,342
spike,487
spike,464
spike,231
spike,367
spike,366
spike,358
spike,282
spike,378
spike,285
spike,705
spike,426
spike,565
spike,325
spike,722
spike,541
spike,224
spike,512
spike,413
spike,517
spike,449
spike,436
spike,656
spike,278
spike,441
spike,665
spike,246
spike,328
spike,568
spike,271
spike,547
spike,352
spike,289
spike,703
spike,468
spike,475
spike,496
spike,415
spike,685
spike,475
spike,513
spike,662
spike,302
spike,462
spike,328
spike,671
spike,652
spike,661
spike,170
spike,1040
spike,378
spike,284
spike,251
spike,307
spike,667
spike,517
spike,199
spike,623
spike,239
spike,580
spike,352
spike,266
spike,415
spike,463
spike,571
spike,360
spike,751
spike,289
spike,423
spike,322
spike,423
spike,595
spike,401
spike,465
spike,332
spike,307
spike,536
spike,325
spike,620
spike,268
spike,660
spike,509
spike,464
spike,705
spike,189
spike,337
spike,429
spike,240
spike,462
spike,570
spike,290
spike,449
spike,372
spike,542
spike,631
spike,357
spike,427
spike,1167
spike,292
spike,502
spike,360
spike,223
spike,463
spike,562
spike,513
spike,376
spike,444
spike,501
spike,304
spike,379
spike,565
spike,462
spike,262
spike,484
spike,263
spike,888
spike,696
spike,825
spike,329
spike,239
spike,187
spike,268
spike,341
spike,805
spike,304
spike,424
spike,215
spike,365
spike,626
spike,641
spike,689
spike,640
spike,716
spike,511
spike,482
spike,513
spike,574
spike,303
spike,273
spike,290
spike,289
spike,912
spike,510
spike,550
spike,570
spike,307
spike,526
spike,682
spike,696
spike,578
spike,579
spike,656
spike,249
spike,429
spike,419
spike,445
spike,362
spike,192
spike,283
spike,176
spike,273
spike,362
spike,241
spike,205
spike,912
spike,216
spike,382
spike,549
spike,473
spike,494
spike,182
spike,412
spike,598
spike,225
spike,422
spike,446
spike,461
spike,616
spike,208
spike,476
spike,282
spike,196
spike,370
spike,381
spike,809
spike,596
spike,420
spike,309
spike,552
spike,334
spike,419
spike,402
spike,440
spike,330
spike,347
spike,322
spike,243
spike,450
spike,440
spike,216
spike,336
spike,463
spike,449
spike,599
spike,360
spike,252
spike,163
spike,236
spike,713
spike,507
spike,537
spike,474
spike,410
spike,321
spike,601
spike,523
spike,196
spike,314
spike,633
spike,293
spike,449
spike,574
spike,789
spike,271
spike,539
spike,323
spike,378
spike,452
spike,241
spike,238
spike,389
spike,339
spike,164
spike,193
spike,466
spike,528
spike,336
spike,298
spike,426
spike,329
spike,198
spike,466
spike,193
spike,545
spike,296
spike,443
spike,389
spike,525
spike,191
spike,410
spike,372
spike,248
spike,249
spike,201
spike,257
spike,362
spike,340
spike,351
spike,378
spike,557
spike,462
spike,249
spike,492
spike,372
spike,284
spike,535
spike,261
spike,447
spike,299
spike,216
spike,488
spike,483
spike,581
spike,308
spike,524
spike,459
spike,281
spike,306
spike,661
spike,314
spike,296
spike,310
spike,212
spike,457
spike,682
spike,266
spike,260
spike,322
spike,215
spike,274
spike,306
spike,328
spike,534
spike,659
spike,292
spike,448
spike,201
spike,431
spike,449
spike,381
spike,324
spike,646
spike,531
spike,397
spike,244
spike,272
spike,346
spike,434
spike,347
spike,762
spike,544
spike,209
spike,251
spike,376
spike,229
spike,529
spike,278
spike,425
spike,669
spike,397
spike,523
spike,517
spike,529
spike,305
spike,247
spike,154
spike,332
spike,705
spike,466
spike,239
spike,614
spike,298
spike,327
spike,588
spike,485
spike,588
spike,314
spike,651
spike,635
spike,280
spike,556
spike,355
spike,828
spike,496
spike,251
spike,364
spike,485
spike,232
spike,280
spike,400
spike,437
spike,274
spike,611
spike,526
spike,669
spike,232
spike,580
spike,321
spike,272
spike,265
spike,337
spike,590
spike,173
spike,545
spike,210
spike,242
spike,539
spike,644
spike,274
spike,531
spike,339
spike,500
spike,409
spike,651
spike,549
spike,445
spike,272
spike,452
spike,551
spike,300
spike,402
spike,351
spike,237
spike,210
spike,636
spike,426
spike,661
spike,217
spike,646
spike,246
spike,265
spike,379
spike,274
spike,299
spike,546
spike,559
spike,376
spike,151
spike,376
spike,343
spike,279
spike,233
spike,458
spike,265
spike,376
spike,305
spike,229
spike,188
spike,194
spike,261
spike,284
spike,281
spike,433
spike,467
spike,586
spike,152
spike,605
spike,251
spike,469
spike,343
spike,369
spike,809
spike,196
spike,597
spike,318
spike,328
spike,705
spike,1005
spike,196
spike,283
spike,592
spike,220
spike,430
spike,351
spike,305
spike,577
spike,165
spike,285
spike,304
spike,508
spike,225
spike,240
spike,242
spike,443
spike,188
spike,222
spike,756
spike,446
spike,464
spike,203
spike,198
spike,473
spike,444
spike,719
spike,246
spike,308
spike,294
spike,270
spike,1160
spike,197
spike,244
spike,617
spike,296
spike,538
spike,623
spike,222
spike,392
spike,621
spike,465
spike,211
spike,375
spike,343
spike,708
spike,433
spike,554
spike,686
spike,371
spike,497
spike,445
spike,356
spike,358
spike,315
spike,522
spike,851
spike,237
spike,430
spike,290
spike,268
spike,457
spike,557
spike,353
spike,390
spike,236
spike,948
spike,321
spike,597
spike,224
spike,202
spike,246
spike,698
spike,577
spike,227
spike,298
spike,1005
spike,678
spike,175
spike,540
spike,358
spike,386
spike,501
spike,218
spike,217
spike,498
spike,688
spike,607
spike,279
spike,524
spike,393
spike,289
spike,465
spike,866
spike,193
spike,442
spike,288
spike,566
spike,333
spike,518
spike,276
spike,498
spike,463
spike,277
spike,252
spike,205
spike,636
spike,380
spike,276
spike,337
spike,515
spike,332
spike,529
spike,461
spike,442
spike,249
spike,452
spike,300
spike,451
spike,287
spike,439
spike,696
spike,412
spike,757
spike,298
spike,493
spike,612
spike,440
spike,501
spike,423
spike,660
spike,345
spike,443
spike,225
spike,526
spike,351
spike,182
spike,531
spike,642
spike,580
spike,399
spike,265
spike,412
spike,565
spike,308
spike,585
spike,357
spike,364
spike,254
spike,733
spike,527
spike,483
spike,287
spike,266
spike,173
spike,616
spike,337
spike,366
spike,476
spike,214
spike,514
spike,526
spike,611
spike,741
spike,314
spike,364
spike,399
spike,209
spike,597
spike,461
spike,504
spike,375
spike,288
spike,402
spike,551
spike,398
spike,210
spike,493
spike,193
spike,382
spike,226
spike,336
spike,243
spike,326
spike,511
spike,299
spike,421
spike,345
spike,360
spike,605
spike,174
spike,337
spike,466
spike,516
spike,358
spike,466
spike,390
spike,272
spike,357
spike,274
spike,247
spike,412
spike,542
spike,464
spike,274
spike,687
spike,278
spike,392
spike,398
spike,272
spike,192
spike,227
spike,298
spike,365
spike,443
spike,320
spike,348
spike,441
spike,365
spike,615
spike,274
spike,246
spike,328
spike,334
spike,236
spike,363
spike,801
spike,592
spike,460
spike,175
spike,304
spike,250
spike,487
spike,406
spike,272
spike,332
spike,211
spike,419
spike,390
spike,262
spike,340
spike,448
spike,330
spike,199
spike,453
spike,331
spike,264
spike,184
spike,531
spike,443
spike,741
spike,335
spike,915
spike,199
spike,262
spike,464
spike,352
spike,281
spike,183
spike,241
spike,616
spike,334
spike,118
spike,298
spike,291
spike,534
spike,293
spike,322
spike,391
spike,297
spike,489
spike,495
spike,769
spike,198
spike,463
spike,570
spike,276
spike,391
spike,437
spike,467
spike,757
spike,390
spike,490
spike,391
spike,296
spike,211
spike,605
spike,232
spike,435
spike,490
spike,781
spike,158
spike,256
spike,534
spike,469
spike,403
spike,205
spike,564
spike,166
spike,471
spike,474
spike,255
spike,464
spike,228
spike,511
spike,616
spike,305
spike,222
spike,426
spike,294
spike,356
spike,363
spike,515
spike,323
spike,339
spike,321
spike,374
spike,784
spike,252
spike,403
spike,533
spike,353
spike,533
spike,300
spike,828
spike,345
spike,607
spike,1116
spike,412
spike,387
spike,528
spike,623
spike,765
spike,196
spike,448
spike,827
spike,645
spike,384
spike,277
spike,424
spike,352
spike,276
spike,855
spike,469
spike,612
spike,404
spike,605
spike,352
spike,461
spike,434
spike,602
spike,599
spike,362
spike,304
spike,342
spike,800
spike,216
spike,290
spike,261
spike,855
spike,749
spike,552
spike,404
spike,399
spike,362
spike,249
spike,377
spike,434
spike,733
spike,616
spike,202
spike,499
spike,692
spike,576
spike,915
spike,744
spike,489
spike,555
spike,214
spike,237
spike,305
spike,354
spike,393
spike,811
spike,423
spike,330
spike,294
spike,503
spike,352
spike,463
spike,529
spike,305
spike,298
spike,938
spike,343
spike,215
spike,161
spike,455
spike,726
spike,321
spike,170
spike,353
spike,344
spike,690
spike,466
spike,448
spike,403
spike,519
spike,502
spike,325
spike,414
spike,247
spike,411
spike,230
spike,513
spike,737
spike,421
spike,891
spike,289
spike,410
spike,195
spike,536
spike,247
spike,523
spike,383
spike,396
spike,359
spike,250
spike,403
spike,198
spike,749
spike,791
spike,309
spike,283
spike,308
spike,414
spike,291
spike,466
spike,265
spike,339
spike,491
spike,576
spike,221
spike,268
spike,350
spike,705
spike,369
spike,486
spike,691
spike,850
spike,604
spike,826
spike,378
spike,346
spike,800
spike,438
spike,704
spike,642
spike,503
spike,238
spike,170
spike,487
spike,604
spike,714
spike,267
spike,271
spike,231
spike,330
spike,690
spike,235
spike,406
spike,283
spike,323
spike,204
spike,677
spike,296
spike,232
spike,623
spike,327
spike,798
spike,429
spike,334
spike,503
spike,426
spike,532
spike,426
spike,198
spike,236
spike,212
spike,696
spike,483
spike,385
spike,398
spike,431
spike,425
spike,719
spike,202
spike,515
spike,276
spike,288
spike,276
spike,423
spike,520
spike,513
spike,241
spike,299
spike,401
spike,412
spike,273
spike,476
spike,397
spike,516
spike,714
spike,487
spike,286
spike,564
spike,273
spike,207
spike,411
spike,225
spike,745
spike,478
spike,219
spike,597
spike,353
spike,249
spike,335
spike,452
spike,345
spike,432
spike,232
spike,1064
spike,387
spike,505
spike,461
spike,247
spike,250
spike,455
spike,337
spike,548
spike,403
spike,617
spike,866
spike,774
spike,953
spike,232
spike,384
spike,334
spike,696
spike,428
spike,839
spike,373
spike,791
spike,196
spike,575
spike,209
spike,267
spike,530
spike,270
spike,317
spike,310
spike,352
spike,362
spike,393
spike,334
spike,213
spike,466
spike,183
spike,407
spike,396
spike,177
spike,312
spike,294
spike,255
spike,551
spike,438
spike,966
spike,268
spike,524
spike,265
spike,410
spike,204
spike,366
spike,191
spike,501
spike,367
spike,206
spike,390
spike,390
spike,388
spike,364
spike,767
spike,605
spike,732
spike,545
spike,373
spike,170
spike,612
spike,297
spike,250
spike,389
spike,246
spike,255
spike,284
spike,545
spike,581
spike,453
spike,351
spike,205
spike,338
spike,272
spike,395
spike,317
spike,205
spike,605
spike,189
spike,621
spike,326
spike,643
spike,272
spike,530
spike,268
spike,540
spike,192
spike,202
spike,285
spike,218
spike,232
spike,550
spike,376
spike,545
spike,541
spike,568
spike,391
spike,393
spike,427
spike,389
spike,518
spike,354
spike,201
spike,928
spike,232
spike,930
spike,184
spike,359
spike,538
spike,412
spike,416
spike,394
spike,282
spike,698
spike,524
spike,271
spike,247
spike,341
spike,504
spike,437
spike,367
spike,577
spike,271
spike,810
spike,545
spike,467
spike,190
spike,285
spike,876
spike,253
spike,603
spike,472
spike,305
spike,423
spike,424
spike,641
spike,284
spike,776
spike,795
spike,591
spike,281
spike,691
spike,249
spike,478
spike,444
spike,167
spike,369
spike,397
spike,227
spike,687
spike,464
spike,434
spike,897
spike,457
spike,259
spike,727
spike,441
spike,253
spike,357
spike,635
spike,253
spike,320
spike,659
spike,378
spike,285
spike,257
spike,700
spike,232
spike,332
spike,321
spike,380
spike,383
spike,464
spike,484
spike,450
spike,228
spike,451
spike,650
spike,241
spike,517
spike,597
spike,166
spike,187
spike,808
spike,404
spike,345
spike,403
spike,509
spike,538
spike,595
spike,400
spike,251
spike,357
spike,234
spike,772
spike,530
spike,303
spike,1101
spike,210
spike,237
spike,293
spike,525
spike,615
spike,512
spike,228
spike,338
spike,251
spike,199
spike,397
spike,202
spike,352
spike,303
spike,417
spike,337
spike,275
spike,642
spike,362
spike,642
spike,504
spike,311
spike,330
spike,266
spike,1126
spike,299
spike,387
spike,662
spike,184
spike,425
spike,357
spike,620
spike,290
spike,622
spike,1064
spike,223
spike,398
spike,204
spike,356
spike,236
spike,232
spike,415
spike,284
spike,876
spike,310
spike,207
spike,261
spike,320
spike,431
spike,361
spike,546
spike,276
spike,184
spike,245
spike,588
spike,231
spike,249
spike,161
spike,422
spike,292
spike,592
spike,389
spike,556
spike,238
spike,198
spike,488
spike,252
spike,251
spike,240
spike,221
spike,474
spike,694
spike,486
spike,428
spike,510
spike,212
spike,481
spike,165
spike,345
spike,197
spike,238
spike,240
spike,243
spike,234
spike,563
spike,304
spike,424
spike,451
spike,256
spike,398
spike,364
spike,384
spike,558
spike,548
spike,609
spike,315
spike,274
spike,446
spike,235
spike,484
spike,409
spike,287
spike,772
spike,287
spike,507
spike,270
spike,251
spike,184
spike,898
spike,437
spike,475
spike,195
spike,324
spike,629
spike,292
spike,618
spike,514
spike,634
spike,355
spike,406
spike,347
spike,432
spike,520
spike,355
spike,399
spike,493
spike,283
spike,685
spike,216
spike,451
spike,468
spike,706
spike,501
spike,415
spike,464
spike,336
spike,704
spike,206
spike,671
spike,419
spike,265
spike,599
spike,228
spike,231
spike,251
spike,368
spike,279
spike,448
spike,632
spike,231
spike,176
spike,198
spike,184
spike,322
spike,569
spike,294
spike,470
spike,235
spike,344
spike,541
spike,646
spike,344
spike,386
spike,366
spike,311
spike,526
spike,161
spike,182
spike,267
spike,457
spike,878
spike,291
spike,897
spike,569
spike,444
spike,835
spike,513
spike,995
spike,354
spike,511
spike,784
spike,300
spike,302
spike,225
spike,279
spike,362
spike,354
spike,403
spike,215
spike,750
spike,314
spike,266
spike,292
spike,772
spike,224
spike,239
spike,307
spike,322
spike,328
spike,256
spike,228
spike,388
spike,580
spike,317
spike,594
spike,944
spike,542
spike,368
spike,724
spike,394
spike,492
spike,586
spike,556
spike,281
spike,446
spike,659
spike,420
spike,214
spike,363
spike,404
spike,230
spike,276
spike,737
spike,289
spike,497
spike,332
spike,453
spike,287
spike,428
spike,270
spike,349
spike,416
spike,609
spike,913
spike,225
spike,770
spike,247
spike,205
spike,345
spike,360
spike,315
spike,262
spike,456
spike,325
spike,492
spike,655
spike,192
spike,186
spike,205
spike,370
spike,421
spike,697
spike,315
spike,301
spike,400
spike,233
spike,598
spike,673
spike,374
spike,444
spike,306
spike,300
spike,672
spike,720
spike,426
spike,263
spike,275
spike,294
spike,263
spike,345
spike,652
spike,210
spike,576
spike,377
spike,364
spike,385
spike,295
spike,559
spike,360
spike,252
spike,431
spike,375
spike,667
spike,500
spike,171
spike,343
spike,287
spike,373
spike,219
spike,421
spike,333
spike,415
spike,231
spike,828
spike,692
spike,231
spike,251
spike,378
spike,888
spike,316
spike,616
spike,379
spike,285
spike,380
spike,253
spike,431
spike,273
spike,178
spike,206
spike,728
spike,408
spike,260
spike,514
spike,488
spike,318
spike,273
spike,329
spike,231
spike,711
spike,483
spike,645
spike,352
spike,467
spike,154
spike,539
spike,325
spike,599
spike,580
spike,333
spike,639
spike,502
spike,910
spike,257
spike,298
spike,332
spike,254
spike,993
spike,175
spike,180
spike,462
spike,342
spike,426
spike,723
spike,453
spike,289
spike,538
spike,444
spike,572
spike,241
spike,257
spike,348
spike,179
spike,241
spike,343
spike,270
spike,383
spike,774
spike,845
spike,307
spike,272
spike,489
spike,516
spike,337
spike,334
spike,724
spike,293
spike,289
spike,324
spike,338
spike,242
spike,421
spike,442
spike,441
spike,425
spike,556
spike,251
spike,474
spike,352
spike,321
spike,436
spike,774
spike,399
spike,514
spike,621
spike,382
spike,441
spike,294
spike,512
spike,282
spike,710
spike,368
spike,437
spike,746
spike,294
spike,343
spike,421
spike,286
spike,474
spike,509
spike,241
spike,325
spike,565
spike,581
spike,330
spike,603
spike,506
spike,562
spike,494
spike,581
spike,242
spike,344
spike,606
spike,334
spike,270
spike,545
spike,565
spike,274
spike,419
spike,312
spike,635
spike,296
spike,356
spike,343
spike,310
spike,576
spike,273
spike,466
spike,235
spike,252
spike,302
spike,175
spike,311
spike,288
spike,755
spike,533
spike,312
spike,333
spike,562
spike,326
spike,794
spike,268
spike,294
spike,367
spike,365
spike,467
spike,247
spike,603
spike,212
spike,747
spike,193
spike,585
spike,365
spike,237
spike,225
spike,347
spike,274
spike,276
spike,612
spike,223
spike,270
spike,458
spike,469
spike,264
spike,356
spike,581
spike,434
spike,200
spike,457
spike,300
spike,364
spike,568
spike,343
spike,494
spike,387
spike,214
spike,404
spike,347
spike,555
spike,502
spike,300
spike,718
spike,633
spike,612
spike,341
spike,378
spike,314
spike,359
spike,380
spike,260
spike,233
spike,239
spike,343
spike,255
spike,418
spike,444
spike,234
spike,519
spike,529
spike,429
spike,580
spike,224
spike,284
spike,247
spike,223
spike,628
spike,247
spike,938
spike,610
spike,217
spike,215
spike,602
spike,288
spike,434
spike,283
spike,504
spike,252
spike,441
spike,600
spike,644
spike,612
spike,1118
spike,312
spike,412
spike,258
spike,223
spike,284
spike,306
spike,352
spike,584
spike,547
spike,410
spike,507
spike,223
spike,578
spike,701
spike,458
spike,374
spike,425
spike,291
spike,884
spike,211
spike,385
spike,289
spike,860
spike,417
spike,522
spike,159
spike,533
spike,296
spike,355
spike,798
spike,481
spike,870
spike,269
spike,278
spike,318
spike,229
spike,538
spike,342
spike,261
spike,706
spike,375
spike,249
spike,242
spike,641
spike,326
spike,213
spike,283
spike,553
spike,250
spike,243
spike,402
spike,377
spike,473
spike,248
spike,396
spike,272
spike,250
spike,360
spike,826
spike,434
spike,298
spike,680
spike,348
spike,535
spike,340
spike,367
spike,244
spike,614
spike,453
spike,381
spike,162
spike,359
spike,511
spike,242
spike,467
spike,241
spike,205
spike,328
spike,585
spike,364
spike,476
spike,572
spike,249
spike,439
spike,421
spike,531
spike,225
spike,320
spike,641
spike,218
spike,387
spike,507
spike,162
spike,291
spike,688
spike,483
spike,275
spike,282
spike,497
spike,720
spike,349
spike,854
spike,585
spike,445
spike,350
spike,371
spike,483
spike,747
spike,389
spike,470
spike,390
spike,464
spike,495
spike,355
spike,544
spike,519
spike,532
spike,437
spike,879
spike,282
spike,376
spike,380
spike,215
spike,373
spike,241
spike,312
spike,362
spike,302
spike,494
spike,360
spike,674
spike,217
spike,382
spike,731
spike,366
spike,389
spike,423
spike,326
spike,759
spike,403
spike,216
spike,809
spike,328
spike,215
spike,158
spike,250
spike,337
spike,445
spike,698
spike,334
spike,296
spike,559
spike,244
spike,269
spike,283
spike,268
spike,547
spike,222
spike,519
spike,760
spike,411
spike,259
spike,700
spike,354
spike,459
spike,388
spike,493
spike,564
spike,329
spike,416
spike,334
spike,276
spike,310
spike,310
spike,405
spike,223
spike,484
spike,561
spike,249
spike,260
spike,723
spike,512
spike,287
spike,311
spike,280
spike,228
spike,315
spike,376
spike,286
spike,215
spike,410
spike,600
spike,309
spike,358
spike,232
spike,809
spike,750
spike,754
spike,435
spike,312
spike,213
spike,368
spike,286
spike,251
spike,245
spike,656
spike,375
spike,225
spike,502
spike,239
spike,231
spike,223
spike,281
spike,347
spike,382
spike,374
spike,261
spike,226
spike,600
spike,487
spike,320
spike,282
spike,391
spike,407
spike,404
spike,239
spike,303
spike,464
spike,209
spike,275
spike,229
spike,283
spike,529
spike,162
spike,305
spike,387
spike,227
spike,261
spike,205
spike,352
spike,216
spike,901
spike,364
spike,434
spike,472
spike,639
spike,243
spike,313
spike,265
spike,360
spike,427
spike,283
spike,630
spike,176
spike,378
spike,392
spike,697
spike,241
spike,264
spike,497
spike,773
spike,725
spike,209
spike,238
spike,640
spike,254
spike,371
spike,713
spike,340
spike,415
spike,497
spike,564
spike,316
spike,175
spike,265
spike,452
spike,307
spike,201
spike,436
spike,364
spike,317
spike,535
spike,218
spike,455
spike,580
spike,175
spike,634
spike,235
spike,430
spike,194
spike,400
spike,381
spike,393
spike,400
spike,799
spike,265
spike,375
spike,375
spike,522
spike,669
spike,495
spike,253
spike,194
spike,449
spike,627
spike,563
spike,251
spike,215
spike,190
spike,479
spike,430
spike,650
spike,297
spike,302
spike,672
spike,197
spike,384
spike,514
spike,613
spike,365
spike,489
spike,288
spike,672
spike,265
spike,436
spike,250
spike,194
spike,496
spike,318
spike,388
spike,581
spike,461
spike,454
spike,662
spike,563
spike,379
spike,199
spike,493
spike,189
spike,246
spike,598
spike,252
spike,394
spike,381
spike,449
spike,565
spike,251
spike,311
spike,404
spike,186
spike,361
spike,328
spike,284
spike,787
spike,366
spike,393
spike,178
spike,419
spike,334
spike,699
spike,332
spike,325
spike,658
spike,237
spike,602
spike,667
spike,528
spike,579
spike,265
spike,439
spike,260
spike,302
spike,280
spike,450
spike,899
spike,490
spike,212
spike,335
spike,580
spike,568
spike,352
spike,244
spike,341
spike,414
spike,251
spike,799
spike,177
spike,602
spike,598
spike,419
spike,432
spike,401
spike,275
spike,251
spike,354
spike,400
spike,636
spike,319
spike,610
spike,514
spike,470
spike,732
spike,469
spike,733
spike,429
spike,335
spike,838
spike,392
spike,366
spike,377
spike,762
spike,778
spike,675
spike,490
spike,448
spike,234
spike,238
spike,334
spike,280
spike,710
spike,594
spike,280
spike,534
spike,318
spike,447
spike,238
spike,280
spike,685
spike,191
spike,339
spike,491
spike,581
spike,715
spike,273
spike,546
spike,243
spike,707
spike,447
spike,915
spike,768
spike,661
spike,640
spike,373
spike,358
spike,287
spike,299
spike,523
spike,387
spike,631
spike,223
spike,928
spike,480
spike,293
spike,591
spike,342
spike,209
spike,528
spike,593
spike,495
spike,227
spike,256
spike,361
spike,315
spike,206
spike,617
spike,301
spike,307
spike,475
spike,519
spike,567
spike,403
spike,295
spike,882
spike,179
spike,346
spike,1014
spike,263
spike,230
spike,743
spike,688
spike,530
spike,391
spike,301
spike,203
spike,476
spike,840
spike,403
spike,390
spike,271
spike,437
spike,275
spike,418
spike,455
spike,501
spike,611
spike,374
spike,459
spike,297
spike,171
spike,227
spike,618
spike,555
spike,296
spike,595
spike,250
spike,805
spike,382
spike,639
spike,196
spike,817
spike,463
spike,403
spike,520
spike,313
spike,250
spike,495
spike,392
spike,460
spike,307
spike,333
spike,495
spike,311
spike,582
spike,155
spike,335
spike,611
spike,231
spike,353
spike,220
spike,334
spike,350
spike,448
spike,528
spike,293
spike,229
spike,391
spike,261
spike,339
spike,560
spike,293
spike,294
spike,313
spike,319
spike,241
spike,432
spike,485
spike,194
spike,980
spike,300
spike,1011
spike,289
spike,542
spike,225
spike,496
spike,549
spike,691
spike,377
spike,560
spike,248
spike,514
spike,443
spike,441
spike,308
spike,241
spike,471
spike,298
spike,373
spike,383
spike,557
spike,392
spike,225
spike,688
spike,648
spike,672
spike,177
spike,327
spike,494
spike,449
spike,608
spike,311
spike,511
spike,372
spike,491
spike,310
spike,183
spike,339
spike,241
spike,187
spike,297
spike,363
spike,232
spike,416
spike,482
spike,458
spike,327
spike,637
spike,579
spike,281
spike,429
spike,344
spike,225
spike,626
spike,338
spike,491
spike,566
spike,422
spike,222
spike,353
spike,303
spike,582
spike,236
spike,317
spike,591
spike,590
spike,250
spike,389
spike,798
spike,702
spike,341
spike,517
spike,796
spike,361
spike,214
spike,636
spike,438
spike,226
spike,284
spike,304
spike,563
spike,304
spike,389
spike,436
spike,283
spike,522
spike,432
spike,303
spike,468
spike,451
spike,629
spike,356
spike,574
spike,393
spike,333
spike,329
spike,596
spike,445
spike,361
spike,688
spike,870
spike,299
spike,457
spike,416
spike,605
spike,358
spike,548
spike,483
spike,272
spike,377
spike,782
spike,177
spike,926
spike,176
spike,522
spike,517
spike,355
spike,469
spike,438
spike,532
spike,423
spike,458
spike,274
spike,825
spike,402
spike,286
spike,191
spike,287
spike,355
spike,384
spike,354
spike,486
spike,246
spike,492
spike,568
spike,187
spike,419
spike,334
spike,443
spike,232
spike,470
spike,352
spike,429
spike,294
spike,393
spike,515
spike,182
spike,990
spike,336
spike,427
spike,286
spike,483
spike,743
spike,411
spike,765
spike,421
spike,230
spike,394
spike,386
spike,221
spike,186
spike,252
spike,303
spike,186
spike,336
spike,306
spike,382
spike,325
spike,611
spike,307
spike,331
spike,1161
spike,215
spike,261
spike,542
spike,241
spike,271
spike,350
spike,222
spike,639
spike,281
spike,322
spike,206
spike,205
spike,259
spike,413
spike,730
spike,502
spike,210
spike,387
spike,217
spike,386
spike,359
spike,232
spike,527
spike,493
spike,439
spike,684
spike,531
spike,514
spike,386
spike,394
spike,611
spike,778
spike,250
spike,484
spike,479
spike,201
spike,247
spike,505
spike,257
spike,242
spike,425
spike,523
spike,232
spike,266
spike,506
spike,363
spike,401
spike,814
spike,372
spike,267
spike,496
spike,228
spike,960
spike,317
spike,585
spike,313
spike,187
spike,182
spike,204
spike,514
spike,264
spike,391
spike,368
spike,523
spike,453
spike,517
spike,258
spike,648
spike,278
spike,300
spike,395
spike,206
spike,328
spike,504
spike,421
spike,527
spike,491
spike,699
spike,442
spike,827
spike,237
spike,716
spike,339
spike,407
spike,316
spike,675
spike,515
spike,299
spike,381
spike,431
spike,318
spike,383
spike,701
spike,601
spike,262
spike,597
spike,377
spike,535
spike,369
spike,568
spike,380
spike,211
spike,485
spike,277
spike,340
spike,358
spike,349
spike,387
spike,295
spike,415
spike,395
spike,533
spike,454
spike,368
spike,367
spike,406
spike,514
spike,348
spike,752
spike,322
spike,416
spike,252
spike,239
spike,193
spike,1026
spike,422
spike,694
spike,439
spike,441
spike,276
spike,321
spike,251
spike,196
spike,710
spike,446
spike,870
spike,523
spike,318
spike,312
spike,504
spike,192
spike,304
spike,465
spike,596
spike,470
spike,606
spike,241
spike,341
spike,485
spike,598
spike,204
spike,436
spike,306
spike,339
spike,712
spike,328
spike,630
spike,344
spike,308
spike,393
spike,236
spike,411
spike,453
spike,698
spike,233
spike,189
spike,374
spike,239
spike,497
spike,243
spike,209
spike,274
spike,499
spike,358
spike,241
spike,284
spike,151
spike,453
spike,205
spike,895
spike,508
spike,492
spike,280
spike,255
spike,379
spike,567
spike,229
spike,574
spike,619
spike,400
spike,605
spike,458
spike,726
spike,289
spike,478
spike,153
spike,286
spike,622
spike,313
spike,519
spike,258
spike,574
spike,765
spike,355
spike,404
spike,432
spike,555
spike,483
spike,569
spike,268
spike,301
spike,626
spike,468
spike,609
spike,197
spike,254
spike,471
spike,279
spike,339
spike,729
spike,753
spike,180
spike,700
spike,453
spike,373
spike,182
spike,310
spike,363
spike,328
spike,412
spike,327
spike,846
spike,325
spike,367
spike,251
spike,183
spike,377
spike,694
spike,578
spike,312
spike,451
spike,628
spike,284
spike,363
spike,359
spike,382
spike,306
spike,185
spike,335
spike,801
spike,214
spike,610
spike,471
spike,350
spike,493
spike,394
spike,426
spike,425
spike,439
spike,416
spike,253
spike,542
spike,239
spike,303
spike,340
spike,244
spike,524
spike,285
spike,274
spike,514
spike,301
spike,249
spike,679
spike,310
spike,386
spike,344
spike,362
spike,924
spike,485
spike,284
spike,330
spike,301
spike,472
spike,438
spike,537
spike,289
spike,174
spike,360
spike,639
spike,180
spike,413
spike,348
spike,691
spike,300
spike,670
spike,502
spike,245
spike,232
spike,319
spike,511
spike,269
spike,333
spike,358
spike,729
spike,415
spike,294
spike,370
spike,528
spike,528
spike,250
spike,551
spike,502
spike,255
spike,495
spike,191
spike,343
spike,447
spike,1073
spike,218
spike,260
spike,332
spike,342
spike,470
spike,587
spike,307
spike,296
spike,778
spike,246
spike,463
spike,206
spike,619
spike,722
spike,326
spike,1135
spike,453
spike,585
spike,400
spike,308
spike,548
spike,508
spike,562
spike,263
spike,212
spike,563
spike,596
spike,294
spike,290
spike,657
spike,491
spike,335
spike,320
spike,562
spike,447
spike,385
spike,521
spike,212
spike,615
spike,238
spike,463
spike,257
spike,723
spike,747
spike,605
spike,457
spike,275
spike,349
spike,400
spike,316
spike,356
spike,628
spike,414
spike,517
spike,304
spike,454
spike,610
spike,169
spike,700
spike,322
spike,474
spike,349
spike,519
spike,504
spike,290
spike,617
spike,665
spike,198
spike,230
spike,411
spike,399
spike,461
spike,224
spike,860
spike,238
spike,444
spike,309
spike,846
spike,465
spike,383
spike,445
spike,447
spike,538
spike,829
spike,316
spike,400
spike,239
spike,223
spike,224
spike,367
spike,304
spike,556
spike,756
spike,218
spike,253
spike,607
spike,285
spike,442
spike,232
spike,320
spike,629
spike,489
spike,527
spike,374
spike,183
spike,365
spike,610
spike,428
spike,386
spike,704
spike,320
spike,289
spike,670
spike,286
spike,427
spike,180
spike,206
spike,265
spike,287
spike,323
spike,196
spike,623
spike,784
spike,555
spike,297
spike,585
spike,310
spike,357
spike,298
spike,495
spike,229
spike,251
spike,328
spike,693
spike,954
spike,227
spike,394
spike,658
spike,433
spike,626
spike,286
spike,180
spike,310
spike,234
spike,290
spike,335
spike,270
spike,700
spike,227
spike,579
spike,484
spike,243
spike,376
spike,413
spike,287
spike,482
spike,344
spike,398
spike,827
spike,339
spike,202
spike,245
spike,324
spike,544
spike,250
spike,329
spike,538
spike,372
spike,249
spike,425
spike,168
spike,343
spike,363
spike,422
spike,291
spike,315
spike,276
spike,234
spike,302
spike,258
spike,392
spike,512
spike,598
spike,569
spike,375
spike,297
spike,299
spike,325
spike,359
spike,468
spike,419
spike,396
spike,573
spike,479
spike,399
spike,786
spike,473
spike,595
spike,739
spike,275
spike,324
spike,471
spike,398
spike,953
spike,611
spike,552
spike,293
spike,360
spike,429
spike,483
spike,672
spike,302
spike,452
spike,608
spike,273
spike,469
spike,428
spike,384
spike,553
spike,206
spike,758
spike,596
spike,454
spike,511
spike,186
spike,495
spike,320
spike,212
spike,610
spike,438
spike,298
spike,276
spike,190
spike,385
spike,277
spike,324
spike,343
spike,424
spike,611
spike,487
spike,545
spike,263
spike,247
spike,228
spike,371
spike,554
spike,351
spike,302
spike,272
spike,227
spike,259
spike,430
spike,335
spike,452
spike,1023
spike,493
spike,313
spike,535
spike,460
spike,294
spike,187
spike,218
spike,344
spike,814
spike,260
spike,178
spike,452
spike,522
spike,211
spike,632
spike,723
spike,707
spike,632
spike,383
spike,277
spike,208
spike,325
spike,638
spike,397
spike,331
spike,271
spike,491
spike,589
spike,493
spike,488
spike,406
spike,375
spike,371
spike,533
spike,557
spike,336
spike,444
spike,269
spike,494
spike,284
spike,247
spike,367
spike,557
spike,423
spike,378
spike,486
spike,238
spike,217
spike,541
spike,690
spike,215
spike,1071
spike,617
spike,238
spike,198
spike,402
spike,579
spike,358
spike,311
spike,426
spike,872
spike,183
spike,428
spike,629
spike,713
spike,509
spike,744
spike,357
spike,437
spike,634
spike,523
spike,198
spike,233
spike,195
spike,306
spike,292
spike,283
spike,220
spike,309
spike,309
spike,661
spike,810
spike,484
spike,503
spike,255
spike,218
spike,389
spike,338
spike,258
spike,194
spike,743
spike,395
spike,269
spike,538
spike,562
spike,222
spike,480
spike,209
spike,331
spike,378
spike,528
spike,531
spike,384
spike,202
spike,164
spike,712
spike,483
spike,228
spike,235
spike,341
spike,175
spike,430
spike,780
spike,164
spike,283
spike,469
spike,187
spike,419
spike,259
spike,467
spike,434
spike,744
spike,327
spike,466
spike,456
spike,967
spike,424
spike,481
spike,234
spike,164
spike,460
spike,372
spike,443
spike,408
spike,418
spike,595
spike,319
spike,776
spike,629
spike,600
spike,634
spike,666
spike,461
spike,347
spike,457
spike,503
spike,700
spike,323
spike,734
spike,336
spike,180
spike,207
spike,326
spike,274
spike,286
spike,463
spike,458
spike,220
spike,347
spike,771
spike,259
spike,669
spike,286
spike,247
spike,524
spike,829
spike,371
spike,269
spike,318
spike,254
spike,712
spike,532
spike,222
spike,415
spike,392
spike,194
spike,258
spike,374
spike,558
spike,258
spike,626
spike,510
spike,368
spike,485
spike,352
spike,401
spike,302
spike,681
spike,545
spike,181
spike,219
spike,420
spike,363
spike,278
spike,776
spike,368
spike,357
spike,204
spike,379
spike,411
spike,277
spike,550
spike,241
spike,193
spike,188
spike,463
spike,186
spike,217
spike,479
spike,347
spike,287
spike,647
spike,358
spike,293
spike,220
spike,218
spike,779
spike,479
spike,383
spike,248
spike,433
spike,295
spike,180
spike,335
spike,171
spike,264
spike,236
spike,366
spike,762
spike,694
spike,346
spike,645
spike,292
spike,663
spike,486
spike,504
spike,582
spike,365
spike,291
spike,559
spike,249
spike,383
spike,973
spike,284
spike,212
spike,373
spike,315
spike,407
spike,408
spike,268
spike,557
spike,349
spike,405
spike,254
spike,799
spike,426
spike,379
spike,462
spike,179
spike,189
spike,403
spike,511
spike,234
spike,239
spike,446
spike,280
spike,315
spike,757
spike,198
spike,431
spike,202
spike,809
spike,421
spike,601
spike,230
spike,343
spike,608
spike,205
spike,662
spike,500
spike,737
spike,605
spike,753
spike,228
spike,327
spike,422
spike,595
spike,378
spike,263
spike,423
spike,301
spike,302
spike,269
spike,513
spike,254
spike,377
spike,301
spike,216
spike,346
spike,490
spike,260
spike,345
spike,511
spike,329
spike,804
spike,290
spike,515
spike,497
spike,318
spike,340
spike,383
spike,856
spike,328
spike,818
spike,462
spike,561
spike,539
spike,422
spike,566
spike,236
spike,420
spike,387
spike,338
spike,893
spike,351
spike,436
spike,292
spike,336
spike,508
spike,208
spike,1021
spike,469
spike,403
spike,190
spike,345
spike,240
spike,249
spike,216
spike,175
spike,552
spike,382
spike,253
spike,353
spike,591
spike,388
spike,269
spike,243
spike,214
spike,380
spike,333
spike,351
spike,310
spike,163
spike,258
spike,428
spike,370
spike,574
spike,283
spike,496
spike,198
spike,433
spike,625
spike,376
spike,397
spike,622
spike,327
spike,332
spike,571
spike,259
spike,200
spike,190
spike,280
spike,631
spike,219
spike,471
spike,361
spike,300
spike,536
spike,265
spike,432
spike,373
spike,175
spike,180
spike,348
spike,480
spike,487
spike,365
spike,571
spike,226
spike,440
spike,723
spike,245
spike,393
spike,472
spike,1021
spike,606
spike,321
spike,568
spike,458
spike,354
spike,501
spike,397
spike,606
spike,485
spike,494
spike,449
spike,784
spike,209
spike,734
spike,485
spike,256
spike,212
spike,181
spike,454
spike,925
spike,292
spike,335
spike,407
spike,396
spike,379
spike,588
spike,448
spike,341
spike,420
spike,401
spike,256
spike,280
spike,985
spike,472
spike,241
spike,366
spike,274
spike,332
spike,326
spike,279
spike,501
spike,262
spike,570
spike,301
spike,785
spike,537
spike,373
spike,485
spike,363
spike,237
spike,340
spike,451
spike,1140
spike,365
spike,270
spike,444
spike,320
spike,421
spike,479
spike,415
spike,544
spike,659
spike,520
spike,430
spike,393
spike,254
spike,521
spike,412
spike,235
spike,539
spike,516
spike,586
spike,341
spike,430
spike,552
spike,509
spike,558
spike,380
spike,375
spike,433
spike,206
spike,355
spike,562
spike,310
spike,657
spike,783
spike,176
spike,314
spike,662
spike,188
spike,588
spike,446
spike,233
spike,329
spike,259
spike,203
spike,585
spike,706
spike,300
spike,282
spike,574
spike,262
spike,235
spike,233
spike,241
spike,737
spike,290
spike,284
spike,361
spike,1088
spike,818
spike,385
spike,783
spike,464
spike,273
spike,213
spike,560
spike,328
spike,231
spike,238
spike,264
spike,446
spike,340
spike,484
spike,323
spike,406
spike,543
spike,239
spike,636
spike,382
spike,714
spike,750
spike,285
spike,378
spike,411
spike,395
spike,391
spike,398
spike,365
spike,323
spike,496
spike,290
spike,285
spike,270
spike,738
spike,512
spike,212
spike,546
spike,408
spike,387
spike,284
spike,662
spike,805
spike,367
spike,527
spike,476
spike,355
spike,361
spike,264
spike,325
spike,734
spike,245
spike,845
spike,418
spike,370
spike,645
spike,267
spike,335
spike,329
spike,301
spike,265
spike,233
spike,518
spike,209
spike,522
spike,369
spike,624
spike,237
spike,249
spike,268
spike,231
spike,293
spike,290
spike,299
spike,601
spike,601
spike,547
spike,333
spike,212
spike,241
spike,301
spike,303
spike,169
spike,521
spike,499
spike,627
spike,326
spike,345
spike,221
spike,236
spike,266
spike,482
spike,343
spike,315
spike,323
spike,312
spike,630
spike,456
spike,378
spike,466
spike,361
spike,273
spike,273
spike,281
spike,306
spike,978
spike,259
spike,323
spike,382
spike,555
spike,153
spike,412
spike,224
spike,240
spike,227
spike,184
spike,437
spike,412
spike,534
spike,422
spike,529
spike,323
spike,329
spike,422
spike,236
spike,601
spike,364
spike,379
spike,363
spike,319
spike,336
spike,439
spike,245
spike,175
spike,466
spike,276
spike,521
spike,212
spike,434
spike,230
spike,466
spike,215
spike,465
spike,306
spike,488
spike,207
spike,328
spike,584
spike,372
spike,393
spike,566
spike,508
spike,220
spike,243
spike,404
spike,188
spike,422
spike,444
spike,288
spike,348
spike,268
spike,288
spike,597
spike,243
spike,352
spike,242
spike,308
spike,659
spike,272
spike,225
spike,257
spike,201
spike,235
spike,230
spike,259
spike,579
spike,560
spike,529
spike,379
spike,412
real,224
real,351
real,335
real,254
real,322
real,730
real,287
real,745
real,248
real,399
real,274
real,168
real,491
real,274
real,376
real,494
real,593
real,424
real,411
real,348
real,535
real,229
real,240
real,263
real,432
real,493
real,266
real,371
real,425
real,497
real,486
real,452
real,254
real,449
real,455
real,539
real,188
real,526
real,236
real,247
real,986
real,289
real,272
real,608
real,235
real,390
real,322
real,283
real,296
real,329
real,329
real,466
real,215
real,560
real,512
real,674
real,332
real,421
real,556
real,202
real,405
real,320
real,932
real,356
real,454
real,308
real,600
real,635
real,176
real,449
real,574
real,589
real,456
real,240
real,281
real,559
real,487
real,570
real,557
real,570
real,397
real,149
real,400
real,215
real,282
real,365
real,423
real,190
real,268
real,436
real,554
real,375
real,496
real,255
real,763
real,664
real,349
real,453
real,609
real,219
real,262
real,757
real,659
real,819
real,557
real,468
real,300
real,248
real,274
real,392
real,255
real,622
real,412
real,341
real,663
real,597
real,596
real,515
real,483
real,305
real,376
real,569
real,312
real,719
real,207
real,219
real,397
real,590
real,662
real,269
real,152
real,523
real,650
real,375
real,452
real,482
real,322
real,553
real,415
real,280
real,720
real,530
real,210
real,790
real,282
real,442
real,443
real,293
real,278
real,206
real,295
real,303
real,263
real,591
real,429
real,554
real,502
real,351
real,255
real,444
real,210
real,326
real,315
real,556
real,172
real,814
real,656
real,379
real,266
real,199
real,473
real,407
real,346
real,369
real,352
real,204
real,157
real,739
real,230
real,480
real,299
real,288
real,231
real,301
real,470
real,315
real,339
real,337
real,208
real,342
real,141
real,384
real,243
real,399
real,328
real,486
real,211
real,418
real,563
real,711
real,184
real,838
real,421
real,328
real,412
real,325
real,412
real,306
real,218
real,407
real,363
real,375
real,308
real,448
real,207
real,182
real,330
real,293
real,397
real,414
real,272
real,236
real,208
real,266
real,783
real,378
real,276
real,325
real,576
real,282
real,976
real,846
real,315
real,524
real,702
real,192
real,279
real,557
real,770
real,349
real,349
real,179
real,465
real,593
real,646
real,595
real,353
real,203
real,761
real,218
real,484
real,753
real,191
real,1005
real,465
real,606
real,262
real,471
real,717
real,228
real,616
real,455
real,221
real,438
real,457
real,667
real,271
real,344
real,337
real,232
real,580
real,181
real,614
real,604
real,661
real,319
real,547
real,267
real,507
real,435
real,530
real,478
real,1059
real,679
real,311
real,139
real,299
real,355
real,563
real,350
real,283
real,315
real,201
real,343
real,590
real,376
real,191
real,711
real,625
real,307
real,290
real,451
real,427
real,459
real,160
real,251
real,558
real,120
real,521
real,666
real,578
real,150
real,189
real,447
real,420
real,304
real,301
real,489
real,379
real,656
real,457
real,344
real,566
real,536
real,761
real,355
real,591
real,327
real,343
real,321
real,602
real,254
real,333
real,360
real,532
real,697
real,308
real,992
real,499
real,418
real,1044
real,540
real,329
real,496
real,272
real,434
real,460
real,617
real,354
real,183
real,342
real,314
real,245
real,711
real,524
real,154
real,240
real,285
real,834
real,239
real,198
real,520
real,442
real,543
real,626
real,859
real,444
real,294
real,379
real,430
real,651
real,428
real,489
real,429
real,394
real,267
real,445
real,427
real,248
real,405
real,348
real,239
real,212
real,312
real,301
real,607
real,307
real,315
real,770
real,301
real,393
real,305
real,263
real,285
real,270
real,426
real,258
real,454
real,286
real,609
real,195
real,438
real,432
real,404
real,469
real,413
real,325
real,780
real,679
real,901
real,545
real,317
real,297
real,425
real,286
real,346
real,291
real,269
real,774
real,191
real,616
real,474
real,347
real,248
real,477
real,493
real,286
real,781
real,1030
real,368
real,184
real,272
real,277
real,416
real,438
real,438
real,634
real,447
real,766
real,572
real,259
real,348
real,711
real,558
real,578
real,247
real,383
real,349
real,634
real,362
real,733
real,256
real,432
real,725
real,596
real,505
real,307
real,415
real,165
real,231
real,381
real,235
real,326
real,315
real,761
real,305
real,475
real,447
real,254
real,321
real,327
real,250
real,292
real,574
real,361
real,198
real,198
real,395
real,303
real,452
real,262
real,314
real,569
real,463
real,365
real,255
real,400
real,307
real,560
real,247
real,215
real,501
real,296
real,814
real,404
real,209
real,465
real,555
real,291
real,400
real,406
real,354
real,451
real,291
real,420
real,258
real,227
real,307
real,678
real,292
real,570
real,399
real,226
real,338
real,286
real,395
real,653
real,325
real,279
real,418
real,335
real,328
real,407
real,515
real,631
real,315
real,760
real,265
real,242
real,401
real,521
real,355
real,379
real,156
real,371
real,388
real,590
real,224
real,292
real,255
real,593
real,502
real,516
real,287
real,337
real,224
real,333
real,356
real,462
real,471
real,356
real,545
real,226
real,637
real,594
real,410
real,223
real,429
real,576
real,284
real,326
real,273
real,503
real,325
real,254
real,421
real,228
real,205
real,232
real,336
real,585
real,201
real,338
real,230
real,505
real,268
real,181
real,234
real,215
real,334
real,154
real,568
real,576
real,329
real,380
real,699
real,150
real,397
real,246
real,628
real,413
real,220
real,792
real,248
real,452
real,329
real,489
real,335
real,414
real,356
real,273
real,745
real,547
real,250
real,287
real,307
real,380
real,296
real,382
real,206
real,654
real,427
real,548
real,322
real,357
real,537
real,672
real,332
real,495
real,595
real,500
real,335
real,673
real,654
real,216
real,275
real,367
real,284
real,560
real,452
real,329
real,295
real,364
real,576
real,812
real,337
real,329
real,415
real,627
real,873
real,333
real,461
real,608
real,275
real,169
real,495
real,735
real,208
real,431
real,453
real,795
real,209
real,329
real,426
real,250
real,319
real,369
real,355
real,403
real,399
real,502
real,285
real,370
real,398
real,431
real,465
real,341
real,322
real,829
real,351
real,470
real,540
real,567
real,212
real,469
real,332
real,265
real,462
real,443
real,208
real,231
real,333
real,271
real,264
real,599
real,282
real,639
real,273
real,545
real,257
real,205
real,212
real,551
real,539
real,379
real,760
real,517
real,447
real,383
real,221
real,270
real,198
real,544
real,333
real,513
real,485
real,397
real,255
real,333
real,256
real,400
real,614
real,437
real,370
real,559
real,321
real,354
real,245
real,740
real,578
real,318
real,962
real,648
real,492
real,528
real,728
real,395
real,208
real,769
real,540
real,721
real,415
real,530
real,468
real,292
real,716
real,380
real,238
real,483
real,747
real,608
real,271
real,390
real,389
real,230
real,615
real,334
real,222
real,436
real,370
real,395
real,266
real,566
real,276
real,268
real,250
real,538
real,310
real,261
real,347
real,456
real,320
real,412
real,187
real,387
real,315
real,311
real,294
real,180
real,256
real,338
real,224
real,606
real,506
real,365
real,375
real,275
real,795
real,368
real,287
real,633
real,411
real,810
real,424
real,272
real,438
real,363
real,236
real,316
real,431
real,408
real,303
real,350
real,277
real,806
real,301
real,897
real,946
real,237
real,448
real,811
real,685
real,314
real,426
real,314
real,271
real,385
real,741
real,420
real,452
real,117
real,320
real,712
real,704
real,529
real,340
real,344
real,325
real,399
real,355
real,507
real,319
real,430
real,275
real,320
real,491
real,851
real,335
real,360
real,185
real,449
real,425
real,1031
real,263
real,466
real,296
real,341
real,323
real,266
real,227
real,463
real,298
real,205
real,209
real,501
real,373
real,609
real,259
real,281
real,769
real,348
real,515
real,294
real,825
real,679
real,610
real,729
real,312
real,262
real,425
real,461
real,372
real,276
real,333
real,257
real,482
real,553
real,473
real,453
real,224
real,298
real,192
real,274
real,301
real,575
real,244
real,293
real,248
real,308
real,827
real,481
real,372
real,473
real,251
real,173
real,727
real,277
real,666
real,298
real,564
real,495
real,191
real,240
real,434
real,371
real,340
real,200
real,391
real,475
real,418
real,522
real,419
real,734
real,285
real,394
real,276
real,311
real,242
real,549
real,241
real,436
real,203
real,339
real,585
real,240
real,726
real,281
real,379
real,631
real,257
real,217
real,298
real,680
real,210
real,185
real,347
real,671
real,317
real,571
real,281
real,229
real,495
real,266
real,179
real,475
real,454
real,554
real,474
real,404
real,395
real,550
real,253
real,241
real,301
real,459
real,584
real,283
real,395
real,620
real,295
real,258
real,391
real,234
real,406
real,438
real,626
real,500
real,226
real,551
real,339
real,961
real,382
real,449
real,169
real,236
real,445
real,525
real,268
real,985
real,372
real,371
real,485
real,550
real,587
real,568
real,468
real,312
real,400
real,210
real,351
real,391
real,533
real,898
real,210
real,733
real,302
real,446
real,440
real,797
real,557
real,395
real,502
real,297
real,538
real,339
real,296
real,382
real,272
real,354
real,417
real,256
real,239
real,760
real,481
real,479
real,393
real,294
real,632
real,347
real,251
real,244
real,394
real,394
real,451
real,366
real,566
real,672
real,248
real,717
real,540
real,346
real,310
real,1015
real,623
real,249
real,191
real,326
real,271
real,591
real,585
real,214
real,599
real,369
real,452
real,334
real,560
real,468
real,664
real,663
real,222
real,749
real,257
real,208
real,940
real,259
real,405
real,524
real,370
real,300
real,463
real,611
real,305
real,603
real,315
real,178
real,311
real,243
real,297
real,236
real,248
real,329
real,566
real,585
real,205
real,363
real,381
real,267
real,409
real,340
real,256
real,508
real,663
real,519
real,542
real,345
real,417
real,656
real,418
real,508
real,729
real,232
real,143
real,397
real,674
real,465
real,330
real,400
real,562
real,441
real,200
real,251
real,244
real,179
real,324
real,208
real,320
real,264
real,246
real,691
real,459
real,737
real,207
real,440
real,509
real,807
real,199
real,443
real,407
real,407
real,540
real,574
real,482
real,329
real,700
real,615
real,721
real,465
real,184
real,560
real,923
real,485
real,393
real,331
real,540
real,244
real,373
real,503
real,496
real,361
real,621
real,748
real,207
real,413
real,293
real,807
real,379
real,465
real,179
real,388
real,427
real,388
real,313
real,319
real,321
real,296
real,313
real,354
real,169
real,432
real,468
real,303
real,406
real,345
real,197
real,885
real,286
real,428
real,599
real,597
real,541
real,581
real,233
real,315
real,558
real,459
real,287
real,575
real,467
real,451
real,316
real,262
real,437
real,423
real,365
real,363
real,380
real,300
real,368
real,509
real,170
real,650
real,349
real,302
real,494
real,203
real,277
real,288
real,479
real,455
real,230
real,468
real,271
real,665
real,313
real,350
real,745
real,720
real,589
real,319
real,252
real,303
real,342
real,360
real,340
real,469
real,404
real,425
real,406
real,286
real,296
real,573
real,310
real,231
real,588
real,385
real,333
real,501
real,550
real,361
real,378
real,281
real,784
real,181
real,817
real,318
real,228
real,270
real,267
real,349
real,727
real,505
real,623
real,387
real,426
real,349
real,320
real,671
real,684
real,597
real,724
real,285
real,339
real,617
real,242
real,265
real,352
real,883
real,270
real,371
real,205
real,487
real,564
real,198
real,463
real,308
real,346
real,441
real,319
real,278
real,273
real,233
real,619
real,432
real,681
real,606
real,246
real,353
real,339
real,956
real,390
real,181
real,462
real,397
real,475
real,317
real,904
real,545
real,324
real,351
real,506
real,196
real,281
real,567
real,388
real,610
real,249
real,182
real,706
real,691
real,686
real,326
real,467
real,368
real,343
real,393
real,380
real,745
real,492
real,343
real,378
real,371
real,348
real,842
real,546
real,677
real,390
real,325
real,475
real,361
real,587
real,321
real,172
real,388
real,688
real,210
real,279
real,333
real,267
real,542
real,544
real,262
real,280
real,441
real,309
real,447
real,453
real,494
real,311
real,397
real,630
real,886
real,441
real,187
real,458
real,425
real,330
real,311
real,356
real,235
real,227
real,227
real,402
real,185
real,217
real,284
real,480
real,328
real,224
real,176
real,473
real,233
real,242
real,256
real,504
real,440
real,317
real,352
real,880
real,467
real,721
real,230
real,802
real,333
real,329
real,222
real,245
real,305
real,252
real,638
real,649
real,443
real,465
real,138
real,353
real,165
real,265
real,462
real,703
real,627
real,204
real,491
real,495
real,443
real,242
real,251
real,617
real,584
real,456
real,335
real,261
real,838
real,391
real,715
real,423
real,234
real,322
real,338
real,349
real,498
real,409
real,355
real,623
real,237
real,536
real,439
real,475
real,274
real,189
real,185
real,518
real,370
real,561
real,388
real,248
real,478
real,518
real,242
real,653
real,697
real,253
real,691
real,304
real,747
real,278
real,557
real,336
real,720
real,482
real,191
real,353
real,513
real,213
real,225
real,381
real,639
real,446
real,332
real,208
real,491
real,268
real,221
real,472
real,278
real,675
real,645
real,211
real,245
real,474
real,326
real,247
real,283
real,253
real,383
real,331
real,218
real,756
real,301
real,375
real,329
real,332
real,602
real,225
real,348
real,414
real,236
real,655
real,516
real,655
real,985
real,156
real,543
real,539
real,378
real,575
real,114
real,275
real,633
real,196
real,467
real,149
real,636
real,412
real,253
real,851
real,367
real,442
real,466
real,407
real,267
real,449
real,241
real,413
real,516
real,284
real,283
real,289
real,600
real,558
real,582
real,509
real,617
real,501
real,216
real,611
real,739
real,329
real,398
real,227
real,509
real,266
real,413
real,269
real,754
real,257
real,422
real,206
real,368
real,579
real,219
real,451
real,705
real,298
real,454
real,334
real,619
real,294
real,523
real,386
real,162
real,328
real,225
real,525
real,532
real,467
real,447
real,383
real,295
real,597
real,760
real,413
real,388
real,451
real,588
real,412
real,658
real,328
real,648
real,146
real,518
real,724
real,758
real,777
real,189
real,423
real,271
real,747
real,378
real,454
real,582
real,493
real,380
real,487
real,366
real,196
real,283
real,506
real,209
real,266
real,550
real,426
real,269
real,275
real,421
real,210
real,278
real,160
real,326
real,479
real,635
real,489
real,345
real,202
real,271
real,782
real,496
real,263
real,531
real,272
real,230
real,637
real,426
real,343
real,613
real,180
real,286
real,325
real,887
real,557
real,270
real,760
real,232
real,405
real,449
real,184
real,219
real,333
real,260
real,398
real,418
real,247
real,697
real,268
real,241
real,328
real,591
real,337
real,751
real,285
real,134
real,362
real,413
real,600
real,487
real,269
real,212
real,198
real,307
real,326
real,711
real,289
real,324
real,332
real,324
real,373
real,979
real,1013
real,524
real,302
real,301
real,740
real,592
real,253
real,487
real,755
real,266
real,379
real,222
real,202
real,235
real,388
real,437
real,457
real,639
real,254
real,405
real,322
real,519
real,345
real,556
real,279
real,355
real,628
real,563
real,578
real,733
real,730
real,578
real,202
real,449
real,353
real,224
real,674
real,324
real,566
real,363
real,389
real,255
real,164
real,239
real,399
real,212
real,587
real,651
real,298
real,532
real,907
real,770
real,612
real,670
real,318
real,687
real,577
real,585
real,360
real,542
real,762
real,657
real,374
real,365
real,187
real,274
real,268
real,453
real,446
real,385
real,265
real,334
real,580
real,250
real,344
real,371
real,264
real,366
real,438
real,671
real,443
real,373
real,254
real,190
real,380
real,249
real,651
real,313
real,247
real,319
real,380
real,295
real,395
real,350
real,372
real,404
real,302
real,309
real,437
real,295
real,482
real,687
real,574
real,362
real,444
real,325
real,541
real,248
real,429
real,548
real,830
real,269
real,338
real,359
real,194
real,671
real,460
real,300
real,350
real,742
real,325
real,409
real,419
real,217
real,220
real,513
real,615
real,344
real,250
real,399
real,235
real,437
real,250
real,591
real,499
real,345
real,348
real,767
real,476
real,213
real,250
real,842
real,392
real,478
real,276
real,715
real,266
real,585
real,248
real,489
real,286
real,375
real,573
real,524
real,260
real,294
real,242
real,288
real,396
real,801
real,263
real,293
real,647
real,224
real,194
real,230
real,405
real,301
real,626
real,413
real,456
real,423
real,440
real,597
real,396
real,341
real,895
real,429
real,469
real,256
real,318
real,350
real,485
real,703
real,707
real,216
real,509
real,349
real,851
real,331
real,474
real,401
real,201
real,254
real,411
real,700
real,416
real,515
real,504
real,355
real,407
real,431
real,821
real,247
real,453
real,410
real,459
real,201
real,313
real,605
real,340
real,262
real,313
real,999
real,512
real,368
real,396
real,708
real,474
real,381
real,343
real,217
real,212
real,426
real,825
real,503
real,554
real,251
real,439
real,556
real,605
real,654
real,184
real,980
real,389
real,456
real,649
real,663
real,650
real,518
real,435
real,429
real,615
real,1006
real,609
real,554
real,483
real,455
real,239
real,544
real,502
real,551
real,205
real,792
real,652
real,321
real,295
real,669
real,451
real,826
real,273
real,399
real,383
real,615
real,774
real,237
real,441
real,478
real,301
real,446
real,486
real,942
real,341
real,582
real,570
real,387
real,234
real,384
real,359
real,464
real,677
real,300
real,207
real,256
real,377
real,589
real,367
real,330
real,303
real,270
real,334
real,355
real,643
real,347
real,478
real,408
real,615
real,533
real,404
real,850
real,675
real,530
real,340
real,452
real,541
real,429
real,796
real,537
real,233
real,671
real,478
real,200
real,232
real,613
real,503
real,349
real,304
real,452
real,844
real,582
real,238
real,827
real,437
real,708
real,622
real,195
real,288
real,847
real,742
real,449
real,764
real,436
real,342
real,804
real,268
real,341
real,457
real,448
real,593
real,308
real,235
real,430
real,387
real,219
real,246
real,438
real,864
real,300
real,174
real,650
real,644
real,475
real,413
real,119
real,489
real,696
real,158
real,395
real,252
real,204
real,414
real,640
real,534
real,357
real,402
real,309
real,236
real,412
real,814
real,372
real,342
real,350
real,302
real,305
real,453
real,440
real,307
real,360
real,704
real,580
real,285
real,211
real,778
real,323
real,596
real,452
real,350
real,243
real,498
real,428
real,314
real,635
real,531
real,352
real,290
real,559
real,424
real,609
real,788
real,249
real,670
real,183
real,357
real,243
real,342
real,383
real,342
real,209
real,622
real,515
real,529
real,653
real,268
real,363
real,711
real,381
real,295
real,326
real,354
real,270
real,529
real,569
real,369
real,494
real,879
real,162
real,210
real,274
real,506
real,244
real,506
real,315
real,314
real,222
real,414
real,422
real,488
real,236
real,264
real,569
real,307
real,570
real,524
real,440
real,460
real,218
real,652
real,281
real,380
real,793
real,372
real,581
real,608
real,262
real,456
real,458
real,309
real,466
real,336
real,540
real,817
real,659
real,352
real,580
real,320
real,701
real,414
real,424
real,504
real,345
real,387
real,881
real,195
real,547
real,414
real,314
real,553
real,416
real,888
real,693
real,256
real,212
real,577
real,262
real,328
real,284
real,451
real,626
real,463
real,735
real,613
real,326
real,184
real,454
real,425
real,630
real,650
real,260
real,199
real,372
real,216
real,597
real,433
real,163
real,253
real,713
real,304
real,252
real,281
real,415
real,695
real,428
real,314
real,970
real,881
real,344
real,983
real,491
real,450
real,947
real,354
real,278
real,231
real,294
real,323
real,303
real,690
real,295
real,770
real,371
real,460
real,360
real,231
real,393
real,170
real,394
real,416
real,505
real,172
real,191
real,243
real,196
real,474
real,251
real,446
real,1054
real,330
real,290
real,525
real,729
real,287
real,232
real,409
real,246
real,240
real,463
real,313
real,150
real,340
real,380
real,434
real,628
real,430
real,336
real,378
real,363
real,271
real,453
real,224
real,211
real,448
real,415
real,265
real,480
real,183
real,619
real,473
real,507
real,535
real,455
real,384
real,372
real,419
real,277
real,378
real,198
real,396
real,361
real,351
real,291
real,401
real,262
real,512
real,334
real,376
real,210
real,396
real,598
real,233
real,306
real,272
real,185
real,579
real,172
real,267
real,322
real,154
real,378
real,400
real,755
real,389
real,351
real,420
real,211
real,372
real,240
real,364
real,368
real,370
real,304
real,302
real,261
real,483
real,365
real,787
real,211
real,285
real,350
real,849
real,354
real,262
real,419
real,212
real,602
real,453
real,296
real,492
real,473
real,282
real,263
real,783
real,633
real,654
real,331
real,325
real,292
real,715
real,452
real,369
real,293
real,420
real,466
real,322
real,397
real,776
real,247
real,274
real,556
real,498
real,176
real,245
real,759
real,241
real,583
real,425
real,338
real,271
real,290
real,289
real,356
real,260
real,446
real,433
real,491
real,266
real,352
real,450
real,484
real,585
real,255
real,309
real,246
real,649
real,445
real,283
real,445
real,316
real,510
real,278
real,460
real,209
real,448
real,290
real,306
real,277
real,765
real,839
real,464
real,371
real,359
real,298
real,448
real,276
real,592
real,503
real,348
real,483
real,316
real,497
real,639
real,586
real,665
real,941
real,786
real,434
real,489
real,769
real,965
real,979
real,383
real,789
real,690
real,617
real,628
real,563
real,551
real,463
real,601
real,453
real,489
real,371
real,489
real,393
real,518
real,1192
real,474
real,328
real,328
real,279
real,501
real,273
real,412
real,660
real,357
real,303
real,345
real,461
real,216
real,256
real,533
real,285
real,876
real,307
real,363
real,624
real,336
real,374
real,369
real,213
real,607
real,238
real,733
real,180
real,412
real,727
real,408
real,235
real,557
real,529
real,505
real,282
real,298
real,268
real,467
real,569
real,527
real,308
real,550
real,182
real,679
real,556
real,476
real,551
real,442
real,407
real,518
real,676
real,399
real,543
real,274
real,333
real,233
real,618
real,164
real,911
real,348
real,194
real,731
real,481
real,371
real,195
real,293
real,304
real,374
real,327
real,746
real,258
real,502
real,225
real,264
real,367
real,549
real,226
real,327
real,265
real,312
real,733
real,447
real,807
real,409
real,416
real,721
real,468
real,293
real,240
real,347
real,910
real,367
real,152
real,730
real,254
real,241
real,199
real,285
real,400
real,420
real,490
real,232
real,595
real,633
real,580
real,514
real,357
real,462
real,625
real,335
real,194
real,280
real,293
real,387
real,379
real,436
real,542
real,801
real,287
real,326
real,439
real,592
real,397
real,450
real,415
real,352
real,389
real,341
real,573
real,456
real,348
real,603
real,577
real,261
real,258
real,522
real,572
real,283
real,180
real,350
real,514
real,574
real,276
real,346
real,305
real,215
real,364
real,341
real,218
real,202
real,586
real,369
real,227
real,424
real,179
real,476
real,223
real,725
real,143
real,415
real,230
real,260
real,483
real,454
real,371
real,440
real,351
real,329
real,126
real,262
real,441
real,549
real,280
real,375
real,466
real,799
real,728
real,306
real,541
real,584
real,343
real,480
real,358
real,294
real,208
real,257
real,378
real,559
real,329
real,548
real,200
real,676
real,253
real,532
real,627
real,702
real,323
real,250
real,756
real,249
real,266
real,528
real,776
real,392
real,460
real,305
real,265
real,228
real,396
real,319
real,97
real,441
real,523
real,504
real,254
real,613
real,522
real,347
real,495
real,434
real,408
real,295
real,416
real,364
real,228
real,298
real,299
real,583
real,772
real,741
real,214
real,538
real,400
real,250
real,210
real,537
real,221
real,264
real,361
real,346
real,342
real,350
real,262
real,929
real,403
real,500
real,493
real,459
real,480
real,375
real,475
real,707
real,258
real,393
real,477
real,344
real,273
real,432
real,513
real,741
real,351
real,486
real,251
real,710
real,616
real,474
real,132
real,666
real,509
real,259
real,618
real,221
real,272
real,460
real,440
real,355
real,494
real,524
real,246
real,277
real,531
real,406
real,506
real,618
real,314
real,353
real,628
real,320
real,796
real,183
real,253
real,312
real,802
real,734
real,342
real,447
real,507
real,363
real,457
real,531
real,378
real,190
real,565
real,269
real,522
real,575
real,742
real,494
real,550
real,322
real,471
real,165
real,408
real,354
real,228
real,428
real,335
real,551
real,481
real,379
real,673
real,225
real,409
real,266
real,294
real,232
real,619
real,346
real,612
real,1135
real,245
real,219
real,298
real,232
real,574
real,255
real,154
real,353
real,386
real,458
real,356
real,620
real,380
real,498
real,795
real,255
real,428
real,372
real,160
real,443
real,372
real,571
real,396
real,465
real,270
real,493
real,704
real,327
real,267
real,489
real,497
real,434
real,606
real,313
real,932
real,306
real,451
real,651
real,303
real,547
real,283
real,426
real,336
real,482
real,634
real,334
real,245
real,294
real,332
real,587
real,359
real,287
real,541
real,243
real,538
real,375
real,609
real,1025
real,258
real,556
real,623
real,340
real,267
real,440
real,337
real,279
real,477
real,406
real,309
real,287
real,522
real,213
real,340
real,602
real,728
real,514
real,271
real,355
real,386
real,199
real,346
real,384
real,324
real,694
real,256
real,558
real,330
real,628
real,203
real,231
real,485
real,718
real,507
real,471
real,517
real,786
real,346
real,423
real,202
real,342
real,225
real,546
real,668
real,225
real,260
real,569
real,541
real,628
real,234
real,585
real,233
real,491
real,263
real,473
real,241
real,439
real,313
real,192
real,368
real,565
real,550
real,476
real,325
real,514
real,710
real,485
real,187
real,567
real,545
real,276
real,517
real,517
real,383
real,241
real,451
real,219
real,342
real,455
real,227
real,603
real,524
real,264
real,312
real,180
real,393
real,335
real,925
real,457
real,275
real,505
real,272
real,819
real,251
real,844
real,378
real,405
real,449
real,419
real,498
real,467
real,294
real,466
real,553
real,407
real,251
real,296
real,780
real,769
real,343
real,267
real,289
real,535
real,366
real,479
real,301
real,454
real,362
real,581
real,330
real,302
real,844
real,156
real,568
real,290
real,246
real,325
real,966
real,330
real,557
real,321
real,317
real,387
real,455
real,332
real,799
real,193
real,362
real,495
real,289
real,362
real,328
real,637
real,352
real,613
real,295
real,875
real,349
real,573
real,395
real,510
real,596
real,435
real,231
real,257
real,417
real,504
real,259
real,168
real,231
real,312
real,539
real,208
real,336
real,699
real,521
real,283
real,387
real,284
real,410
real,267
real,246
real,336
real,210
real,766
real,585
real,87
real,419
real,530
real,331
real,579
real,858
real,229
real,441
real,346
real,508
real,377
real,546
real,418
real,551
real,381
real,452
real,439
real,252
real,358
real,398
real,412
real,872
real,290
real,500
real,296
real,365
real,482
real,429
real,179
real,243
real,399
real,748
real,208
real,623
real,463
real,396
real,609
real,786
real,304
real,312
real,389
real,675
real,397
real,217
real,470
real,292
real,393
real,998
real,326
real,705
real,458
real,514
real,496
real,228
real,200
real,536
real,378
real,375
real,413
real,238
real,261
real,332
real,391
real,195
real,227
real,285
real,234
real,320
real,344
real,281
real,411
real,174
real,640
real,367
real,462
real,303
real,490
real,510
real,674
real,566
real,400
real,343
real,606
real,403
real,567
real,352
real,430
real,848
real,480
real,472
real,657
real,217
real,405
real,270
real,279
real,406
real,516
real,260
real,755
real,452
real,402
real,400
real,412
real,289
real,1181
real,485
real,289
real,602
real,516
real,689
real,500
real,485
real,430
real,274
real,557
real,423
real,274
real,393
real,326
real,542
real,1034
real,571
real,501
real,547
real,688
real,402
real,564
real,303
real,775
real,132
real,415
real,680
real,661
real,330
real,486
real,895
real,620
real,230
real,247
real,331
real,481
real,807
real,552
real,520
real,760
real,386
real,463
real,663
real,476
real,206
real,583
real,245
real,259
real,727
real,502
real,437
real,302
real,712
real,270
real,298
real,276
real,364
real,653
real,548
real,225
real,393
real,388
real,339
real,536
real,442
real,400
real,339
real,413
real,303
real,247
real,238
real,325
real,275
real,339
real,560
real,382
real,510
real,256
real,862
real,749
real,670
real,285
real,299
real,1184
real,309
real,262
real,242
real,755
real,331
real,618
real,856
real,213
real,754
real,358
real,603
real,624
real,557
real,235
real,322
real,442
real,191
real,426
real,202
real,777
real,763
real,189
real,518
real,235
real,676
real,699
real,674
real,219
real,273
real,192
real,494
real,386
real,391
real,517
real,227
real,352
real,297
real,410
real,392
real,325
real,233
real,530
real,834
real,1033
real,806
real,523
real,359
real,734
real,319
real,515
real,627
real,764
real,641
real,253
real,478
real,801
real,283
real,252
real,263
real,238
real,524
real,288
real,254
real,174
real,312
real,642
real,259
real,248
real,340
real,202
real,372
real,428
real,243
real,498
real,280
real,217
real,304
real,567
real,557
real,232
real,446
real,418
real,302
real,375
real,448
real,612
real,542
real,442
real,321
real,359
real,519
real,385
real,167
real,187
real,278
real,337
real,271
real,377
real,569
real,388
real,209
real,268
real,197
real,664
real,245
real,335
real,275
real,249
real,361
real,449
real,302
real,238
real,791
real,489
real,557
real,275
real,253
real,881
real,387
real,625
real,382
real,479
real,286
real,359
real,273
real,279
real,447
real,446
real,220
real,592
real,390
real,391
real,562
real,603
real,450
real,492
real,832
real,732
real,311
real,396
real,537
real,441
real,233
real,364
real,401
real,258
real,400
real,199
real,204
real,309
real,812
real,260
real,609
real,408
real,261
real,443
real,258
real,245
real,317
real,194
real,605
real,371
real,446
real,930
real,668
real,314
real,609
real,211
real,284
real,557
real,406
real,672
real,168
real,329
real,623
real,468
real,431
real,674
real,460
real,431
real,791
real,368
real,414
real,504
real,411
real,260
real,182
real,424
real,406
real,389
real,186
real,489
real,458
real,436
real,234
real,471
real,487
real,361
real,605
real,494
real,251
real,579
real,247
real,211
real,280
real,907
real,213
real,222
real,508
real,651
real,972
real,809
real,366
real,396
real,450
real,575
real,224
real,191
real,248
real,1009
real,797
real,309
real,386
real,647
real,236
real,251
real,352
real,280
real,212
real,308
real,470
real,391
real,225
real,569
real,297
real,257
real,313
real,798
real,514
real,416
real,1068
real,627
real,262
real,353
real,420
real,210
real,992
real,647
real,288
real,226
real,355
real,280
real,607
real,267
real,489
real,373
real,397
real,389
real,550
real,218
real,578
real,362
real,501
real,370
real,239
real,186
real,715
real,349
real,380
real,319
real,506
real,278
real,384
real,859
real,299
real,325
real,604
real,370
real,635
real,280
real,345
real,386
real,228
real,274
real,225
real,911
real,504
real,369
real,352
real,187
real,324
real,484
real,422
real,390
real,545
real,255
real,543
real,461
real,324
real,603
real,507
real,526
real,598
real,715
real,786
real,381
real,778
real,634
real,331
real,796
real,209
real,988
real,241
real,483
real,768
real,258
real,257
real,390
real,558
real,593
real,246
real,729
real,217
real,813
real,147
real,640
real,379
real,419
real,312
real,842
real,287
real,546
real,597
real,479
real,616
real,352
real,778
real,284
real,1006
real,229
real,470
real,739
real,439
real,151
real,507
real,224
real,367
real,619
real,314
real,288
real,266
real,224
real,309
real,699
real,237
real,491
real,393
real,287
real,449
real,313
real,260
real,406
real,392
real,255
real,302
real,345
real,330
real,487
real,331
real,848
real,264
real,754
real,436
real,312
real,273
real,547
real,259
real,641
real,922
real,125
real,480
real,349
real,644
real,237
real,255
real,885
real,289
real,267
real,174
real,351
real,761
real,545
real,900
real,215
real,291
real,531
real,585
real,494
real,461
real,529
real,259
real,242
real,324
real,467
real,758
real,342
real,375
real,637
real,528
real,673
real,528
real,279
real,393
real,440
real,742
real,410
real,230
real,220
real,1029
real,395
real,235
real,508
real,277
real,411
real,168
real,384
real,204
real,303
real,430
real,487
real,437
real,761
real,288
real,474
real,372
real,698
real,297
real,176
real,385
real,398
real,560
real,248
real,547
real,258
real,603
real,428
real,429
real,259
real,318
real,379
real,521
real,380
real,240
real,190
real,396
real,316
real,605
real,786
real,394
real,559
real,204
real,189
real,533
real,452
real,533
real,224
real,885
real,354
real,242
real,408
real,292
real,518
real,278
real,426
real,198
real,415
real,500
real,466
real,697
real,247
real,475
real,424
real,378
real,477
real,544
real,349
real,318
real,606
real,122
real,577
real,164
real,592
real,320
real,178
real,200
real,915
real,858
real,423
real,467
real,252
real,567
real,370
real,405
real,433
real,512
real,253
real,317
real,834
real,374
real,231
real,453
real,316
real,512
real,183
real,323
real,211
real,173
real,256
real,327
real,268
real,650
real,289
real,257
real,301
real,479
real,477
real,266
real,162
real,349
real,348
real,359
real,417
real,353
real,179
real,239
real,397
real,448
real,309
real,904
real,167
real,282
real,468
real,211
real,163
real,748
real,342
real,486
real,724
real,249
real,268
real,361
real,272
real,461
real,439
real,452
real,230
real,331
real,575
real,501
real,117
real,274
real,383
real,429
real,307
real,303
real,144
real,414
real,828
real,516
real,261
real,503
real,536
real,182
real,488
real,184
real,356
real,528
real,292
real,464
real,193
real,416
real,1042
real,293
real,392
real,223
real,406
real,483
real,282
real,276
real,606
real,408
real,291
real,305
real,507
real,545
real,547
real,223
real,175
real,256
real,531
real,445
real,416
real,300
real,411
real,235
real,184
real,658
real,699
real,451
real,370
real,452
real,292
real,369
real,417
real,290
real,213
real,209
real,383
real,336
real,719
real,700
real,152
real,259
real,228
real,338
real,308
real,298
real,360
real,266
real,264
real,985
real,676
real,214
real,513
real,431
real,254
real,518
real,430
real,165
real,925
real,769
real,609
real,539
real,688
real,539
real,534
real,274
real,837
real,543
real,371
real,429
real,289
real,214
real,319
real,719
real,564
real,353
real,342
real,241
real,727
real,757
real,434
real,422
real,301
real,238
real,237
real,440
real,343
real,236
real,883
real,419
real,236
real,315
real,600
real,385
real,215
real,581
real,274
real,816
real,364
real,929
real,571
real,511
real,492
real,291
real,235
real,314
real,492
real,202
real,606
real,635
real,321
real,248
real,299
real,289
real,350
real,687
real,443
real,533
real,216
real,465
real,346
real,473
real,181
real,347
real,975
real,363
real,893
real,266
real,591
real,317
real,228
real,278
real,469
real,631
real,189
real,468
real,1063
real,453
real,954
real,255
real,425
real,242
real,504
real,562
real,211
real,427
real,660
real,494
real,411
real,263
real,701
real,202
real,625
real,530
real,546
real,325
real,566
real,290
real,390
real,466
real,323
real,484
real,459
real,269
real,422
real,357
real,480
real,423
real,225
real,244
real,507
real,328
real,341
real,361
real,366
real,244
real,551
real,568
real,266
real,367
real,378
real,188
real,410
real,418
real,108
real,277
real,295
real,385
real,183
real,257
real,624
real,233
real,580
real,337
real,463
real,310
real,503
real,1044
real,554
real,260
real,251
real,487
real,483
real,654
real,254
real,520
real,253
real,439
real,291
real,350
real,467
real,374
real,287
real,315
real,646
real,705
real,199
real,292
real,396
real,324
real,305
real,656
real,498
real,78
real,312
real,639
real,274
real,243
real,378
real,167
real,425
real,498
real,446
real,282
real,237
real,543
real,424
real,270
real,424
real,444
real,452
real,743
real,239
real,316
real,312
real,393
real,244
real,299
real,488
real,655
real,253
real,403
real,469
real,463
real,570
real,700
real,201
real,212
real,232
real,205
real,439
real,456
real,819
real,202
real,227
real,346
real,630
real,550
real,733
real,353
real,933
real,379
real,464
real,546
real,420
real,627
real,258
real,268
real,503
real,311
real,227
real,573
real,466
real,343
real,866
real,450
real,235
real,600
real,357
real,182
real,835
real,612
real,463
real,516
real,484
real,393
real,828
real,783
real,247
real,272
real,292
real,289
real,566
real,575
real,311
real,791
real,388
real,280
real,689
real,202
real,773
real,471
real,466
real,550
real,273
real,390
real,395
real,186
real,278
real,382
real,596
real,357
real,745
real,212
real,768
real,266
real,425
real,240
real,414
real,169
real,247
real,318
real,482
real,301
real,342
real,257
real,426
real,451
real,446
real,302
real,490
real,404
real,508
real,533
real,694
real,350
real,885
real,527
real,509
real,438
real,575
real,440
real,285
real,205
real,446
real,325
real,290
real,401
real,455
real,650
real,662
real,442
real,564
real,386
real,518
real,561
real,245
real,238
real,425
real,438
real,453
real,395
real,440
real,312
real,300
real,1020
real,209
real,394
real,918
real,357
real,816
real,488
real,266
real,767
real,403
real,209
real,623
real,291
real,371
real,543
real,375
real,596
real,312
real,523
real,436
real,255
real,198
real,234
real,426
real,475
real,406
real,461
real,346
real,213
real,346
real,506
real,264
real,469
real,336
real,567
real,602
real,968
real,382
real,439
real,271
real,380
real,594
real,230
real,306
real,410
real,337
real,895
real,311
real,536
real,221
real,341
real,380
real,717
real,228
real,417
real,488
real,713
real,494
real,403
real,392
real,423
real,334
real,387
real,318
real,407
real,758
real,182
real,274
real,242
real,284
real,186
real,535
real,390
real,445
real,598
real,417
real,299
real,438
real,320
real,650
real,808
real,200
real,184
real,517
real,524
real,578
real,304
real,286
real,270
real,512
real,522
real,492
real,918
real,859
real,178
real,213
real,444
real,637
real,534
real,615
real,308
real,654
real,291
real,544
real,397
real,363
real,315
real,387
real,263
real,536
real,334
real,711
real,301
real,323
real,307
real,369
real,606
real,497
real,784
real,442
real,276
real,172
real,503
real,625
real,641
real,214
real,415
real,518
real,388
real,372
real,281
real,236
real,272
real,722
real,246
real,151
real,824
real,275
real,272
real,270
real,237
real,345
real,348
real,628
real,813
real,287
real,466
real,644
real,1016
real,631
real,132
real,564
real,400
real,287
real,534
real,338
real,682
real,193
real,458
real,326
real,455
real,254
real,182
real,301
real,190
real,262
real,385
real,462
real,372
real,370
real,471
real,438
real,217
real,222
real,430
real,344
real,525
real,149
real,310
real,421
real,266
real,229
real,700
real,349
real,522
real,269
real,325
real,408
real,244
real,436
real,392
real,300
real,342
real,1037
real,415
real,440
real,198
real,663
real,367
real,401
real,240
real,127
real,348
real,297
real,249
real,539
real,644
real,312
real,420
real,284
real,679
real,314
real,249
real,236
real,258
real,392
real,494
real,136
real,355
real,343
real,480
real,297
real,731
real,373
real,625
real,334
real,299
real,316
real,240
real,411
real,354
real,270
real,266
real,659
real,256
real,491
real,525
real,261
real,582
real,435
real,833
real,241
real,281
real,199
real,446
real,589
real,283
real,508
real,194
real,176
real,531
real,220
real,398
real,329
real,234
real,534
real,291
real,872
real,257
real,438
real,180
real,246
real,314
real,192
real,316
real,251
real,479
real,483
real,265
real,569
real,621
real,424
real,348
real,199
real,642
real,620
real,564
real,459
real,268
real,219
real,507
real,160
real,537
real,369
real,294
real,302
real,387
real,405
real,654
real,593
real,557
real,481
real,534
real,349
real,303
real,386
real,293
real,704
real,195
real,363
real,660
real,326
real,193
real,515
real,320
real,583
real,551
real,238
real,262
real,339
real,374
real,247
real,311
real,636
real,200
real,388
real,572
real,408
real,623
real,310
real,225
real,414
real,445
real,555
real,173
real,363
real,249
real,222
real,379
real,400
real,333
real,303
real,539
real,283
real,543
real,730
real,677
real,788
real,495
real,557
real,698
real,308
real,689
real,332
real,447
real,324
real,722
real,399
real,244
real,582
real,480
real,549
real,537
real,981
real,513
real,433
real,610
real,514
real,527
real,584
real,459
real,600
real,328
real,670
real,436
real,487
real,795
real,574
real,621
real,344
real,984
real,533
real,765
real,271
real,937
real,437
real,823
real,391
real,390
real,122
real,335
real,322
real,602
real,316
real,281
real,638
real,202
real,484
real,276
real,534
real,284
real,159
real,338
real,404
real,520
real,474
real,204
real,251
real,224
real,384
real,514
real,818
real,468
real,253
real,462
real,172
real,348
real,417
real,322
real,699
real,436
real,418
real,611
real,312
real,477
real,324
real,398
real,368
real,480
real,254
real,289
real,292
real,423
real,219
real,278
real,296
real,277
real,289
real,404
real,758
real,574
real,382
real,461
real,642
real,443
real,642
real,368
real,455
real,187
real,362
real,299
real,258
real,587
real,233
real,310
real,476
real,634
real,753
real,382
real,435
real,379
real,528
real,1082
real,262
real,347
real,228
real,708
real,677
real,502
real,244
real,548
real,268
real,348
real,645
real,200
real,235
real,712
real,623
real,335
real,458
real,504
real,161
real,423
real,364
real,310
real,623
real,300
real,152
real,499
real,221
real,259
real,730
real,187
real,244
real,287
real,488
real,761
real,272
real,507
real,581
real,498
real,557
real,341
real,313
real,625
real,406
real,293
real,337
real,500
real,535
real,832
real,500
real,515
real,369
real,224
real,578
real,324
real,188
real,179
real,391
real,418
real,247
real,730
real,450
real,494
real,254
real,433
real,613
real,583
real,334
real,712
real,267
real,333
real,593
real,300
real,326
real,315
real,760
real,283
real,407
real,443
real,342
real,374
real,504
real,384
real,205
real,330
real,1031
real,187
real,753
real,511
real,649
real,444
real,689
real,278
real,300
real,273
real,676
real,615
real,413
real,476
real,250
real,393
real,241
real,809
real,376
real,881
real,253
real,324
real,402
real,276
real,319
real,258
real,640
real,309
real,686
real,263
real,253
real,254
real,165
real,574
real,524
real,496
real,217
real,298
real,217
real,245
real,298
real,563
real,582
real,411
real,406
real,234
real,459
real,194
real,485
real,556
real,344
real,261
real,510
real,215
real,285
real,302
real,339
real,316
real,394
real,328
real,233
real,661
real,288
real,305
real,386
real,230
real,487
real,353
real,191
real,418
real,768
real,334
real,533
real,541
real,333
real,392
real,493
real,353
real,531
real,213
real,413
real,682
real,209
real,387
real,504
real,549
real,276
real,805
real,235
real,301
real,442
real,1102
real,368
real,466
real,179
real,348
real,639
real,409
real,450
real,282
real,381
real,272
real,248
real,202
real,384
real,171
real,206
real,237
real,231
real,458
real,301
real,452
real,423
real,306
real,382
real,280
real,359
real,280
real,383
real,370
real,299
real,170
real,464
real,475
real,256
real,268
real,750
real,185
real,355
real,333
real,910
real,864
real,517
real,440
real,305
real,508
real,328
real,333
real,398
real,528
real,179
real,536
real,363
real,285
real,316
real,542
real,454
real,448
real,467
real,558
real,267
real,231
real,180
real,381
real,804
real,813
real,175
real,312
real,424
real,944
real,264
real,872
real,162
real,368
real,470
real,414
real,553
real,627
real,425
real,391
real,218
real,552
real,292
real,432
real,663
real,255
real,305
real,341
real,638
real,324
real,471
real,232
real,293
real,427
real,292
real,462
real,313
real,322
real,360
real,452
real,410
real,746
real,508
real,866
real,708
real,851
real,703
real,794
real,632
real,573
real,595
real,470
real,535
real,482
real,500
real,470
real,395
real,411
real,566
real,681
real,397
real,1019
real,850
real,445
real,287
real,719
real,370
real,494
real,870
real,485
real,480
real,601
real,754
real,324
real,618
real,749
real,209
real,677
real,397
real,468
real,220
real,479
real,269
real,386
real,445
real,207
real,850
real,434
real,278
real,270
real,508
real,257
real,626
real,268
real,553
real,239
real,311
real,277
real,430
real,587
real,135
real,340
real,478
real,285
real,452
real,556
real,405
real,201
real,826
real,320
real,214
real,259
real,375
real,472
real,427
real,249
real,358
real,310
real,431
real,369
real,389
real,173
real,761
real,493
real,213
real,156
real,327
real,411
real,297
real,177
real,422
real,704
real,351
real,792
real,541
real,266
real,296
real,296
real,356
real,429
real,299
real,249
real,359
real,352
real,416
real,588
real,240
real,996
real,315
real,506
real,385
real,351
real,612
real,279
real,481
real,365
real,425
real,905
real,246
real,548
real,335
real,841
real,344
real,267
real,200
real,600
real,394
real,555
real,277
real,272
real,253
real,359
real,185
real,246
real,364
real,483
real,756
real,670
real,507
real,308
real,212
real,639
real,603
real,762
real,494
real,391
real,658
real,389
real,313
real,356
real,564
real,627
real,293
real,253
real,930
real,228
real,537
real,277
real,605
real,734
real,391
real,291
real,383
real,272
real,232
real,251
real,218
real,462
real,333
real,263
real,590
real,224
real,553
real,523
real,550
real,397
real,265
real,428
real,170
real,294
real,545
real,522
real,663
real,330
real,278
real,326
real,175
real,309
real,403
real,287
real,420
real,576
real,177
real,675
real,815
real,318
real,342
real,306
real,223
real,660
real,542
real,210
real,282
real,756
real,287
real,276
real,445
real,370
real,598
real,324
real,323
real,420
real,481
real,305
real,386
real,276
real,310
real,477
real,236
real,349
real,391
real,339
real,687
real,307
real,488
real,492
real,799
real,353
real,376
real,518
real,309
real,440
real,368
real,637
real,260
real,393
real,224
real,260
real,414
real,205
real,414
real,649
real,279
real,404
real,249
real,351
real,241
real,166
real,293
real,269
real,543
real,208
real,391
real,451
real,298
real,587
real,198
real,216
real,333
real,542
real,393
real,311
real,270
real,394
real,574
real,533
real,559
real,843
real,410
real,381
real,789
real,618
real,372
real,367
real,975
real,233
real,292
real,661
real,340
real,689
real,257
real,417
real,391
real,196
real,747
real,194
real,397
real,362
real,467
real,442
real,229
real,356
real,293
real,559
real,382
real,307
real,780
real,613
real,233
real,275
real,656
real,371
real,796
real,247
real,176
real,240
real,353
real,353
real,521
real,260
real,315
real,638
real,193
real,452
real,429
real,393
real,418
real,752
real,365
real,644
real,815
real,283
real,390
real,349
real,730
real,663
real,454
real,353
real,313
real,476
real,268
real,784
real,596
real,319
real,661
real,240
real,663
real,256
real,196
real,752
real,384
real,667
real,348
real,467
real,437
real,622
real,176
real,316
real,376
real,351
real,699
real,309
real,565
real,680
real,418
real,237
real,632
real,319
real,354
real,284
real,321
real,436
real,509
real,336
real,813
real,216
real,424
real,361
real,694
real,527
real,301
real,191
real,495
real,377
real,291
real,507
real,424
real,613
real,783
real,248
real,299
real,242
real,234
real,304
real,208
real,684
real,275
real,304
real,495
real,422
real,193
real,425
real,372
real,360
real,520
real,254
real,409
real,347
real,131
real,435
real,478
real,562
real,304
real,180
real,601
real,366
real,504
real,461
real,394
real,362
real,295
real,166
real,362
real,628
real,196
real,244
real,201
real,384
real,337
real,370
real,435
real,238
real,469
real,222
real,228
real,312
real,206
real,294
real,298
real,403
real,144
real,331
real,637
real,717
real,301
real,250
real,271
real,397
real,266
real,252
real,262
real,490
real,461
real,322
real,253
real,206
real,299
real,445
real,395
real,527
real,408
real,336
real,462
real,400
real,566
real,297
real,822
real,893
real,186
real,428
real,548
real,237
real,355
real,269
real,543
real,653
real,358
real,203
real,236
real,192
real,411
real,243
real,292
real,293
real,541
real,458
real,265
real,423
real,184
real,331
real,434
real,808
real,803
real,638
real,681
real,624
real,529
real,654
real,239
real,272
real,196
real,315
real,356
real,219
real,329
real,459
real,671
real,393
real,824
real,871
real,558
real,781
real,887
real,183
real,327
real,310
real,204
real,664
real,461
real,373
real,743
real,187
real,489
real,507
real,456
real,250
real,856
real,222
real,441
real,372
real,358
real,327
real,257
real,229
real,215
real,253
real,267
real,273
real,188
real,363
real,283
real,711
real,353
real,265
real,341
real,238
real,401
real,418
real,516
real,565
real,286
real,252
real,304
real,459
real,232
real,599
real,327
real,326
real,285
real,459
real,245
real,547
real,453
real,363
real,478
real,450
real,712
real,330
real,705
real,343
real,348
real,684
real,360
real,748
real,183
real,365
real,398
real,336
real,546
real,224
real,791
real,920
real,163
real,361
real,679
real,329
real,371
real,235
real,351
real,393
real,320
real,310
real,529
real,827
real,393
real,413
real,730
real,529
real,329
real,291
real,469
real,511
real,219
real,412
real,488
real,454
real,462
real,485
real,550
real,218
real,717
real,209
real,387
real,773
real,274
real,200
real,271
real,507
real,362
real,519
real,385
real,200
real,265
real,244
real,600
real,619
real,210
real,460
real,917
real,236
real,476
real,278
real,329
real,311
real,524
real,295
real,493
real,843
real,340
real,280
real,577
real,429
real,369
real,319
real,218
real,469
real,620
real,364
real,410
real,379
real,251
real,168
real,215
real,610
real,405
real,310
real,348
real,402
real,490
real,351
real,281
real,291
real,321
real,358
real,432
real,321
real,235
real,683
real,394
real,294
real,613
real,202
real,180
real,257
real,221
real,328
real,486
real,758
real,353
real,696
real,386
real,501
real,192
real,377
real,529
real,573
real,421
real,303
real,247
real,427
real,681
real,638
real,333
real,370
real,453
real,471
real,196
real,331
real,332
real,487
real,432
real,280
real,576
real,390
real,284
real,268
real,426
real,203
real,451
real,489
real,423
real,247
real,273
real,280
real,473
real,217
real,322
real,328
real,423
real,265
real,555
real,492
real,401
real,547
real,318
real,610
real,208
real,356
real,962
real,303
real,286
real,386
real,329
real,416
real,353
real,632
real,450
real,410
real,436
real,714
real,489
real,342
real,522
real,444
real,336
real,343
real,213
real,351
real,362
real,650
real,322
real,340
real,252
real,337
real,271
real,700
real,241
real,277
real,282
real,520
real,227
real,332
real,437
real,341
real,474
real,649
real,254
real,230
real,275
real,351
real,529
real,540
real,274
real,351
real,112
real,253
real,248
real,375
real,229
real,271
real,496
real,113
real,336
real,301
real,436
real,600
real,391
real,344
real,228
real,481
real,351
real,231
real,533
real,328
real,546
real,261
real,519
real,258
real,298
real,502
real,548
real,1177
real,390
real,561
real,615
real,653
real,491
real,270
real,468
real,386
real,331
real,263
real,449
real,442
real,710
real,344
real,210
real,433
real,646
real,393
real,327
real,165
real,383
real,462
real,756
real,912
real,479
real,580
real,310
real,446
real,1193
real,456
real,361
real,554
real,390
real,676
real,279
real,186
real,225
real,429
real,235
real,665
real,482
real,628
real,377
real,220
real,694
real,404
real,141
real,379
real,246
real,407
real,387
real,199
real,331
real,314
real,572
real,180
real,425
real,693
real,233
real,221
real,434
real,313
real,180
real,268
real,256
real,340
real,279
real,551
real,352
real,638
real,680
real,284
real,627
real,329
real,468
real,400
real,284
real,311
real,238
real,398
real,312
real,359
real,649
real,404
real,342
real,212
real,339
real,402
real,343
real,630
real,204
real,641
real,483
real,1147
real,256
real,382
real,1168
real,268
real,210
real,474
real,340
real,456
real,184
real,278
real,830
real,547
real,485
real,280
real,384
real,234
real,396
real,159
real,350
real,557
real,539
real,294
real,207
real,661
real,456
real,534
real,445
real,557
real,526
real,389
real,308
real,341
real,479
real,326
real,647
real,364
real,648
real,245
real,256
real,812
real,291
real,258
real,327
real,393
real,474
real,464
real,398
real,163
real,464
real,741
real,359
real,338
real,375
real,271
real,336
real,209
real,677
real,506
real,587
real,421
real,230
real,624
real,338
real,282
real,408
real,463
real,718
real,407
real,378
real,321
real,330
real,228
real,447
real,199
real,567
real,254
real,353
real,467
real,280
real,301
real,289
real,696
real,508
real,589
real,296
real,738
real,577
real,226
real,288
real,362
real,386
real,386
real,252
real,536
real,256
real,230
real,288
real,335
real,315
real,487
real,544
real,159
real,320
real,476
real,737
real,202
real,450
real,194
real,592
real,188
real,137
real,205
real,224
real,309
real,697
real,418
real,564
real,309
real,314
real,494
real,656
real,246
real,233
real,558
real,346
real,242
real,488
real,299
real,373
real,414
real,799
real,593
real,601
real,371
real,281
real,255
real,530
real,511
real,653
real,634
real,382
real,264
real,219
real,529
real,323
real,234
real,397
real,423
real,298
real,395
real,270
real,415
real,1165
real,454
real,247
real,301
real,246
real,326
real,276
real,575
real,309
real,784
real,390
real,483
real,235
real,523
real,651
real,366
real,334
real,519
real,259
real,482
real,578
real,489
real,559
real,178
real,462
real,278
real,231
real,528
real,425
real,418
real,749
real,302
real,485
real,382
real,235
real,937
real,333
real,239
real,531
real,696
real,562
real,372
real,690
real,873
real,630
real,412
real,243
real,473
real,244
real,289
real,440
real,220
real,486
real,186
real,354
real,389
real,501
real,843
real,577
real,220
real,504
real,673
real,632
real,1084
real,248
real,640
real,434
real,712
real,270
real,519
real,416
real,379
real,282
real,634
real,401
real,313
real,756
real,324
real,236
real,180
real,275
real,510
real,331
real,399
real,259
real,368
real,399
real,473
real,290
real,232
real,295
real,252
real,283
real,315
real,193
real,375
real,396
real,577
real,220
real,816
real,344
real,307
real,593
real,794
real,453
real,284
real,693
real,332
real,540
real,453
real,515
real,667
real,231
real,243
real,381
real,1112
real,292
real,412
real,775
real,331
real,341
real,322
real,469
real,246
real,570
real,570
real,629
real,267
real,444
real,503
real,215
real,803
real,389
real,403
real,301
real,115
real,445
real,400
real,739
real,435
real,468
real,486
real,663
real,632
real,268
real,591
real,516
real,448
real,329
real,913
real,305
real,693
real,470
real,397
real,322
real,387
real,327
real,258
real,434
real,322
real,302
real,333
real,238
real,694
real,310
real,493
real,889
real,588
real,545
real,390
real,553
real,366
real,155
real,349
real,396
real,893
real,196
real,258
real,967
real,221
real,359
real,406
real,360
real,290
real,364
real,396
real,201
real,266
real,865
real,344
real,292
real,870
real,440
real,232
real,365
real,894
real,317
real,393
real,579
real,421
real,318
real,345
real,679
real,258
real,372
real,574
real,362
real,405
real,252
real,524
real,657
real,406
real,309
real,432
real,819
real,575
real,819
real,603
real,222
real,628
real,333
real,178
real,413
real,372
real,524
real,423
real,533
real,233
real,350
real,322
real,190
real,469
real,616
real,615
real,349
real,415
real,294
real,425
real,342
real,577
real,549
real,238
real,332
real,325
real,730
real,511
real,230
real,292
real,788
real,342
real,849
real,156
real,860
real,614
real,412
real,373
real,393
real,239
real,562
real,411
real,468
real,295
real,727
real,450
real,331
real,353
real,452
real,299
real,377
real,370
real,300
real,500
real,463
real,423
real,540
real,329
real,862
real,389
real,332
real,245
real,242
real,158
real,426
real,501
real,474
real,435
real,381
real,347
real,303
real,729
real,471
real,344
real,527
real,290
real,546
real,273
real,526
real,474
real,376
real,415
real,477
real,558
real,871
real,322
real,511
real,695
real,563
real,468
real,503
real,374
real,406
real,492
real,705
real,573
real,484
real,541
real,185
real,327
real,307
real,519
real,241
real,433
real,272
real,503
real,884
real,514
real,469
real,483
real,391
real,336
real,679
real,480
real,262
real,210
real,293
real,675
real,384
real,400
real,655
real,341
real,254
real,307
real,713
real,234
real,338
real,292
real,972
real,587
real,683
real,292
real,550
real,226
real,385
real,833
real,718
real,489
real,261
real,227
real,406
real,195
real,243
real,620
real,354
real,419
real,189
real,196
real,267
real,775
real,386
real,346
real,277
real,811
real,457
real,417
real,491
real,550
real,1040
real,856
real,235
real,170
real,381
real,421
real,350
real,496
real,326
real,215
real,705
real,285
real,313
real,288
real,792
real,323
real,381
real,227
real,553
real,545
real,531
real,261
real,180
real,336
real,304
real,513
real,309
real,428
real,527
real,282
real,240
real,544
real,219
real,230
real,562
real,439
real,226
real,330
real,248
real,328
real,643
real,308
real,350
real,289
real,795
real,238
real,599
real,627
real,465
real,202
real,453
real,617
real,222
real,310
real,281
real,368
real,583
real,262
real,238
real,259
real,218
real,665
real,340
real,481
real,766
real,550
real,365
real,464
real,230
real,323
real,273
real,418
real,375
real,715
real,553
real,360
real,602
real,552
real,240
real,241
real,301
real,316
real,626
real,484
real,716
real,373
real,763
real,528
real,215
real,662
real,379
real,674
real,348
real,437
real,298
real,436
real,962
real,898
real,505
real,169
real,340
real,436
real,237
real,578
real,359
real,173
real,319
real,156
real,389
real,866
real,487
real,225
real,431
real,585
real,199
real,764
real,307
real,926
real,967
real,756
real,313
real,287
real,789
real,487
real,254
real,385
real,236
real,565
real,521
real,266
real,460
real,887
real,267
real,292
real,602
real,277
real,470
real,281
real,235
real,201
real,762
real,703
real,372
real,702
real,738
real,316
real,1022
real,454
real,264
real,332
real,286
real,665
real,429
real,632
real,595
real,680
real,632
real,131
real,339
real,788
real,231
real,392
real,358
real,309
real,252
real,501
real,189
real,270
real,519
real,520
real,424
real,535
real,549
real,239
real,228
real,535
real,494
real,525
real,621
real,472
real,244
real,776
real,491
real,325
real,321
real,281
real,528
real,220
real,201
real,191
real,477
real,237
real,512
real,481
real,268
real,397
real,516
real,521
real,294
real,323
real,790
real,473
real,729
real,347
real,379
real,419
real,233
real,505
real,232
real,274
real,798
real,579
real,552
real,353
real,264
real,472
real,248
real,629
real,189
real,520
real,1167
real,251
real,809
real,637
real,505
real,755
real,568
real,438
real,413
real,820
real,372
real,164
real,236
real,512
real,806
real,205
real,800
real,393
real,500
real,384
real,301
real,308
real,388
real,233
real,316
real,296
real,369
real,507
real,416
real,202
real,308
real,578
real,577
real,552
real,391
real,196
real,389
real,447
real,340
real,392
real,332
real,704
real,255
real,512
real,468
real,742
real,286
real,323
real,639
real,526
real,426
real,413
real,263
real,544
real,329
real,386
real,229
real,473
real,243
real,513
real,332
real,308
real,415
real,225
real,264
real,550
real,129
real,502
real,161
real,210
real,739
real,645
real,499
real,236
real,344
real,282
real,606
real,460
real,172
real,192
real,687
real,297
real,193
real,530
real,194
real,407
real,358
real,427
real,269
real,318
real,201
real,342
real,540
real,437
real,956
real,499
real,220
real,428
real,230
real,256
real,605
real,236
real,582
real,463
real,663
real,203
real,271
real,425
real,507
real,288
real,214
real,275
real,525
real,437
real,393
real,574
real,281
real,555
real,498
real,476
real,177
real,598
real,385
real,223
real,401
real,527
real,385
real,407
real,389
real,783
real,366
real,289
real,972
real,251
real,433
real,378
real,294
real,452
real,865
real,266
real,473
real,650
real,237
real,260
real,879
real,826
real,374
real,503
real,136
real,542
real,608
real,298
real,816
real,395
real,727
real,673
real,502
real,732
real,459
real,388
real,436
real,335
real,331
real,220
real,283
real,191
real,245
real,422
real,294
real,729
real,339
real,253
real,403
real,220
real,288
real,365
real,297
real,231
real,283
real,291
real,311
real,411
real,491
real,312
real,292
real,625
real,913
real,421
real,345
real,321
real,525
real,461
real,528
real,684
real,299
real,202
real,635
real,450
real,395
real,559
real,426
real,491
real,378
real,336
real,323
real,380
real,337
real,565
real,416
real,234
real,727
real,384
real,508
real,231
real,365
real,429
real,277
real,334
real,636
real,575
real,303
real,323
real,510
real,415
real,574
real,278
real,268
real,612
real,269
real,234
real,924
real,211
real,323
real,499
real,212
real,440
real,359
real,232
real,255
real,408
real,564
real,358
real,525
real,358
real,234
real,648
real,449
real,259
real,289
real,459
real,223
real,444
real,294
real,339
real,317
real,226
real,216
real,355
real,224
real,493
real,621
real,446
real,232
real,468
real,273
real,549
real,643
real,441
real,288
real,322
real,275
real,569
real,404
real,329
real,274
real,362
real,239
real,349
real,362
real,360
real,415
real,303
real,820
real,534
real,410
real,614
real,631
real,458
real,605
real,250
real,445
real,497
real,441
real,211
real,840
real,217
real,348
real,225
real,190
real,339
real,220
real,464
real,497
real,281
real,334
real,854
real,261
real,717
real,284
real,816
real,362
real,308
real,447
real,316
real,531
real,376
real,426
real,356
real,225
real,168
real,229
real,385
real,223
real,740
real,448
real,330
real,428
real,271
real,290
real,581
real,447
real,334
real,365
real,246
real,188
real,343
real,302
real,209
real,499
real,348
real,218
real,170
real,357
real,214
real,254
real,497
real,398
real,248
real,283
real,283
real,481
real,413
real,354
real,566
real,140
real,836
real,187
real,574
real,275
real,457
real,395
real,205
real,540
real,234
real,772
real,249
real,375
real,958
real,484
real,364
real,600
real,570
real,541
real,802
real,807
real,900
real,597
real,391
real,226
real,1074
real,438
real,353
real,454
real,637
real,246
real,581
real,827
real,492
real,1095
real,213
real,659
real,277
real,480
real,449
real,569
real,277
real,433
real,323
real,474
real,584
real,284
real,442
real,300
real,332
real,221
real,515
real,261
real,358
real,904
real,301
real,350
real,767
real,412
real,386
real,461
real,636
real,392
real,840
real,238
real,760
real,517
real,549
real,875
real,566
real,443
real,244
real,223
real,547
real,198
real,403
real,317
real,198
real,384
real,701
real,529
real,262
real,378
real,431
real,632
real,395
real,522
real,284
real,401
real,636
real,201
real,457
real,532
real,191
real,569
real,292
real,171
real,226
real,799
real,260
real,306
real,295
real,583
real,201
real,371
real,276
real,415
real,1022
real,412
real,220
real,899
real,551
real,412
real,412
real,490
real,142
real,182
real,263
real,469
real,705
real,252
real,605
real,354
real,439
real,366
real,436
real,237
real,199
real,788
real,440
real,236
real,421
real,194
real,616
real,436
real,409
real,731
real,194
real,331
real,316
real,191
real,281
real,312
real,310
real,523
real,1000
real,454
real,262
real,351
real,391
real,284
real,677
real,192
real,542
real,630
real,384
real,365
real,648
real,635
real,182
real,344
real,214
real,269
real,218
real,136
real,402
real,621
real,562
real,498
real,512
real,299
real,531
real,310
real,565
real,876
real,719
real,351
real,862
real,341
real,518
real,240
real,928
real,688
real,181
real,609
real,247
real,464
real,380
real,172
real,558
real,171
real,762
real,655
real,590
real,297
real,403
real,377
real,381
real,594
real,402
real,305
real,322
real,396
real,270
real,447
real,575
real,696
real,630
real,476
real,464
real,282
real,197
real,251
real,597
real,459
real,434
real,345
real,397
real,259
real,341
real,289
real,582
real,211
real,309
real,415
real,618
real,287
real,545
real,336
real,381
real,440
real,450
real,368
real,442
real,429
real,181
real,427
real,307
real,232
real,274
real,273
real,281
real,259
real,646
real,275
real,597
real,533
real,617
real,462
real,393
real,458
real,356
real,226
real,267
real,502
real,617
real,798
real,269
real,19
real,361
real,300
real,283
real,875
real,507
real,458
real,794
real,322
real,539
real,581
real,275
real,216
real,325
real,347
real,337
real,266
real,324
real,189
real,444
real,184
real,358
real,552
real,329
real,339
real,629
real,216
real,611
real,336
real,273
real,196
real,703
real,440
real,784
real,532
real,221
real,430
real,617
real,346
real,590
real,331
real,590
real,646
real,281
real,595
real,482
real,322
real,440
real,269
real,262
real,375
real,336
real,739
real,498
real,435
real,264
real,223
real,360
real,194
real,698
real,891
real,302
real,370
real,696
real,346
real,233
real,449
real,239
real,203
real,482
real,262
real,331
real,183
real,753
real,464
real,597
real,323
real,830
real,350
real,774
real,395
real,328
real,366
real,652
real,449
real,366
real,501
real,218
real,511
real,387
real,351
real,205
real,299
real,551
real,367
real,321
real,191
real,556
real,209
real,404
real,258
real,1000
real,226
real,417
real,403
real,731
real,256
real,505
real,497
real,580
real,385
real,198
real,388
real,459
real,460
real,238
real,339
real,247
real,324
real,234
real,272
real,409
real,313
real,186
real,724
real,225
real,581
real,465
real,170
real,351
real,524
real,260
real,245
real,291
real,302
real,539
real,451
real,283
real,920
real,340
real,934
real,216
real,589
real,293
real,421
real,259
real,427
real,363
real,202
real,310
real,692
real,232
real,1185
real,414
real,516
real,450
real,490
real,499
real,541
real,646
real,676
real,836
real,824
real,528
real,433
real,467
real,398
real,808
real,735
real,342
real,838
real,334
real,437
real,605
real,445
real,397
real,694
real,788
real,355
real,356
real,438
real,639
real,475
real,371
real,477
real,236
real,321
real,764
real,726
real,353
real,228
real,502
real,339
real,668
real,472
real,254
real,433
real,249
real,213
real,175
real,459
real,333
real,747
real,211
real,466
real,199
real,352
real,800
real,618
real,434
real,249
real,207
real,309
real,565
real,591
real,896
real,214
real,303
real,944
real,164
real,587
real,280
real,236
real,349
real,533
real,419
real,712
real,362
real,329
real,240
real,411
real,361
real,558
real,677
real,975
real,291
real,929
real,442
real,155
real,394
real,395
real,408
real,413
real,219
real,325
real,377
real,494
real,612
real,207
real,415
real,290
real,691
real,538
real,500
real,412
real,217
real,297
real,276
real,697
real,293
real,746
real,395
real,302
real,200
real,141
real,311
real,252
real,446
real,239
real,338
real,590
real,287
real,454
real,469
real,199
real,334
real,312
real,461
real,235
real,203
real,444
real,253
real,284
real,618
real,469
real,423
real,824
real,424
real,403
real,341
real,234
real,382
real,431
real,370
real,301
real,578
real,674
real,270
real,124
real,522
real,452
real,534
real,313
real,243
real,232
real,333
real,478
real,286
real,829
real,317
real,244
real,372
real,1163
real,324
real,436
real,418
real,421
real,268
real,214
real,341
real,274
real,202
real,248
real,414
real,355
real,768
real,579
real,757
real,544
real,459
real,499
real,367
real,416
real,331
real,569
real,650
real,300
real,378
real,372
real,659
real,524
real,601
real,666
real,685
real,316
real,377
real,676
real,232
real,158
real,354
real,375
real,349
real,481
real,676
real,519
real,280
real,412
real,253
real,393
real,362
real,338
real,205
real,458
real,278
real,435
real,785
real,316
real,372
real,285
real,314
real,618
real,333
real,775
real,425
real,372
real,296
real,625
real,174
real,245
real,549
real,151
real,257
real,372
real,329
real,292
real,754
real,677
real,277
real,277
real,631
real,358
real,892
real,286
real,282
real,244
real,542
real,305
real,457
real,448
real,913
real,416
real,268
real,305
real,364
real,475
real,277
real,740
real,173
real,484
real,576
real,286
real,361
real,501
real,489
real,199
real,356
real,446
real,384
real,373
real,181
real,602
real,449
real,484
real,195
real,308
real,313
real,364
real,447
real,453
real,606
real,225
real,299
real,352
real,637
real,350
real,215
real,165
real,201
real,225
real,462
real,221
real,265
real,335
real,866
real,354
real,450
real,142
real,226
real,502
real,331
real,316
real,223
real,856
real,550
real,337
real,411
real,606
real,444
real,627
real,246
real,437
real,425
real,364
real,729
real,854
real,446
real,282
real,290
real,228
real,230
real,225
real,305
real,486
real,386
real,396
real,487
real,353
real,556
real,606
real,540
real,463
real,431
real,792
real,333
real,800
real,326
real,375
real,992
real,507
real,278
real,376
real,621
real,961
real,1009
real,371
real,303
real,313
real,400
real,311
real,362
real,648
real,727
real,725
real,629
real,272
real,240
real,235
real,544
real,296
real,229
real,305
real,321
real,283
real,658
real,692
real,337
real,605
real,145
real,235
real,583
real,473
real,346
real,265
real,263
real,398
real,220
real,441
real,404
real,348
real,243
real,415
real,502
real,534
real,342
real,376
real,689
real,349
real,395
real,487
real,204
real,469
real,551
real,380
real,372
real,513
real,832
real,251
real,442
real,405
real,258
real,672
real,380
real,242
real,134
real,209
real,424
real,629
real,589
real,189
real,657
real,372
real,553
real,329
real,268
real,810
real,233
real,1157
real,449
real,521
real,671
real,570
real,204
real,743
real,187
real,240
real,634
real,459
real,679
real,269
real,769
real,880
real,424
real,537
real,614
real,334
real,83
real,225
real,444
real,577
real,789
real,272
real,236
real,205
real,514
real,202
real,548
real,541
real,262
real,365
real,714
real,228
real,945
real,335
real,178
real,284
real,394
real,352
real,404
real,747
real,282
real,193
real,500
real,265
real,426
real,1003
real,557
real,491
real,363
real,580
real,613
real,536
real,590
real,422
real,377
real,280
real,558
real,287
real,624
real,227
real,326
real,586
real,355
real,344
real,585
real,349
real,272
real,257
real,145
real,745
real,516
real,269
real,410
real,363
real,554
real,745
real,580
real,646
real,363
real,409
real,615
real,152
real,194
real,558
real,379
real,361
real,266
real,473
real,660
real,622
real,492
real,315
real,305
real,707
real,521
real,189
real,424
real,462
real,551
real,259
real,259
real,244
real,335
real,288
real,252
real,313
real,399
real,318
real,370
real,288
real,310
real,246
real,364
real,427
real,273
real,774
real,535
real,366
real,242
real,729
real,232
real,640
real,352
real,570
real,323
real,311
real,674
real,190
real,282
real,726
real,458
real,245
real,465
real,821
real,709
real,275
real,743
real,617
real,643
real,320
real,563
real,246
real,283
real,241
real,315
real,494
real,587
real,261
real,907
real,687
real,451
real,729
real,395
real,383
real,1038
real,275
real,655
real,225
real,672
real,326
real,548
real,238
real,449
real,105
real,411
real,474
real,550
real,387
real,406
real,726
real,237
real,322
real,312
real,402
real,281
real,227
real,355
real,246
real,374
real,575
real,348
real,232
real,407
real,423
real,348
real,639
real,245
real,381
real,299
real,398
real,814
real,387
real,544
real,247
real,404
real,722
real,523
real,198
real,424
real,809
real,343
real,355
real,284
real,443
real,436
real,479
real,775
real,228
real,219
real,357
real,382
real,463
real,462
real,239
real,405
real,546
real,498
real,296
real,289
real,708
real,693
real,356
real,149
real,175
real,450
real,315
real,376
real,302
real,535
real,345
real,124
real,287
real,534
real,319
real,324
real,342
real,179
real,140
real,500
real,703
real,230
real,304
real,798
real,468
real,619
real,192
real,536
real,284
real,239
real,380
real,860
real,329
real,474
real,274
real,360
real,250
real,293
real,162
real,242
real,476
real,304
real,536
real,323
real,407
real,256
real,887
real,621
real,460
real,297
real,445
real,245
real,213
real,742
real,250
real,459
real,472
real,250
real,412
real,705
real,605
real,634
real,354
real,436
real,265
real,435
real,472
real,509
real,260
real,287
real,233
real,376
real,574
real,178
real,528
real,491
real,297
real,398
real,243
real,355
real,468
real,265
real,270
real,626
real,380
real,561
real,175
real,410
real,438
real,361
real,328
real,292
real,430
real,571
real,704
real,327
real,295
real,329
real,448
real,532
real,456
real,381
real,406
real,421
real,319
real,269
real,520
real,289
real,134
real,930
real,494
real,516
real,277
real,726
real,231
real,422
real,270
real,221
real,704
real,459
real,344
real,370
real,488
real,178
real,244
real,564
real,472
real,375
real,625
real,524
real,291
real,554
real,440
real,536
real,650
real,267
real,367
real,898
real,252
real,250
real,436
real,191
real,537
real,280
real,708
real,411
real,439
real,317
real,542
real,536
real,263
real,217
real,540
real,247
real,461
real,640
real,522
real,336
real,657
real,428
real,446
real,357
real,300
real,590
real,378
real,347
real,351
real,330
real,449
real,433
real,392
real,429
real,310
real,564
real,308
real,189
real,315
real,653
real,257
real,923
real,322
real,697
real,332
real,621
real,144
real,543
real,316
real,569
real,377
real,301
real,205
real,145
real,253
real,541
real,906
real,368
real,537
real,421
real,352
real,369
real,207
real,552
real,518
real,245
real,257
real,215
real,396
real,303
real,241
real,606
real,228
real,362
real,339
real,666
real,186
real,228
real,145
real,313
real,357
real,474
real,358
real,469
real,519
real,520
real,363
real,342
real,448
real,558
real,354
real,652
real,428
real,569
real,313
real,436
real,742
real,736
real,216
real,517
real,580
real,269
real,176
real,277
real,486
real,360
real,232
real,191
real,298
real,256
real,436
real,546
real,384
real,354
real,704
real,408
real,286
real,182
real,443
real,215
real,316
real,464
real,208
real,294
real,363
real,333
real,319
real,471
real,269
real,466
real,329
real,791
real,818
real,327
real,161
real,476
real,355
real,276
real,242
real,568
real,678
real,368
real,422
real,631
real,305
real,336
real,302
real,230
real,248
real,190
real,593
real,580
real,720
real,400
real,605
real,715
real,229
real,587
real,204
real,547
real,481
real,215
real,379
real,549
real,445
real,406
real,512
real,391
real,562
real,435
real,378
real,354
real,467
real,418
real,588
real,285
real,1160
real,316
real,615
real,102
real,411
real,487
real,332
real,167
real,706
real,684
real,697
real,274
real,236
real,601
real,868
real,457
real,518
real,563
real,537
real,286
real,285
real,381
real,456
real,626
real,620
real,229
real,177
real,178
real,348
real,403
real,920
real,432
real,419
real,446
real,330
real,524
real,276
real,184
real,174
real,647
real,325
real,456
real,387
real,396
real,435
real,854
real,225
real,525
real,243
real,254
real,356
real,441
real,337
real,340
real,746
real,254
real,362
real,219
real,550
real,757
real,194
real,241
real,253
real,439
real,504
real,229
real,261
real,303
real,302
real,363
real,259
real,302
real,374
real,774
real,351
real,234
real,281
real,453
real,514
real,986
real,609
real,360
real,333
real,687
real,274
real,446
real,308
real,333
real,898
real,292
real,218
real,499
real,281
real,400
real,338
real,312
real,220
real,371
real,312
real,386
real,116
real,468
real,187
real,416
real,864
real,313
real,616
real,193
real,274
real,232
real,351
real,259
real,543
real,703
real,467
real,217
real,226
real,249
real,176
real,566
real,518
real,599
real,288
real,421
real,22
real,240
real,179
real,435
real,741
real,412
real,390
real,735
real,539
real,379
real,541
real,437
real,218
real,438
real,222
real,406
real,207
real,386
real,348
real,742
real,270
real,422
real,539
real,231
real,319
real,330
real,268
real,320
real,216
real,230
real,476
real,393
real,325
real,366
real,382
real,257
real,501
real,393
real,468
real,394
real,358
real,817
real,771
real,393
real,982
real,516
real,324
real,329
real,219
real,330
real,404
real,657
real,236
real,302
real,260
real,435
real,440
real,538
real,174
real,663
real,550
real,184
real,585
real,501
real,444
real,255
real,271
real,209
real,941
real,200
real,191
real,364
real,761
real,475
real,377
real,995
real,364
real,267
real,646
real,287
real,188
real,540
real,340
real,302
real,315
real,187
real,254
real,255
real,196
real,237
real,180
real,374
real,807
real,489
real,414
real,759
real,461
real,556
real,283
real,228
real,481
real,445
real,381
real,725
real,336
real,527
real,314
real,424
real,497
real,349
real,835
real,357
real,266
real,371
real,534
real,671
real,204
real,230
real,634
real,542
real,301
real,289
real,470
real,261
real,217
real,603
real,389
real,194
real,908
real,274
real,350
real,248
real,724
real,432
real,205
real,741
real,498
real,244
real,628
real,414
real,369
real,1128
real,183
real,233
real,212
real,307
real,435
real,908
real,497
real,223
real,391
real,192
real,338
real,576
real,502
real,857
real,539
real,661
real,167
real,650
real,287
real,374
real,512
real,661
real,388
real,224
real,210
real,251
real,393
real,274
real,446
real,196
real,824
real,176
real,403
real,482
real,252
real,213
real,368
real,538
real,398
real,313
real,419
real,316
real,437
real,460
real,310
real,230
real,340
real,247
real,370
real,230
real,339
real,770
real,469
real,492
real,261
real,351
real,383
real,164
real,921
real,658
real,398
real,252
real,332
real,268
real,426
real,408
real,356
real,352
real,326
real,275
real,388
real,355
real,265
real,305
real,386
real,594
real,634
real,252
real,282
real,541
real,717
real,244
real,351
real,180
real,536
real,315
real,323
real,372
real,385
real,533
real,330
real,442
real,574
real,299
real,443
real,154
real,591
real,301
real,425
real,193
real,342
real,207
real,180
real,370
real,485
real,659
real,517
real,282
real,286
real,523
real,254
real,330
real,303
real,419
real,534
real,370
real,972
real,499
real,235
real,279
real,201
real,432
real,546
real,390
real,290
real,177
real,428
real,174
real,301
real,958
real,385
real,388
real,206
real,238
real,462
real,572
real,492
real,685
real,351
real,239
real,212
real,259
real,148
real,275
real,353
real,378
real,227
real,300
real,291
real,694
real,493
real,318
real,298
real,709
real,422
real,369
real,335
real,251
real,710
real,453
real,366
real,913
real,459
real,197
real,437
real,412
real,356
real,386
real,482
real,437
real,327
real,423
real,265
real,414
real,488
real,204
real,287
real,244
real,191
real,390
real,1048
real,438
real,384
real,387
real,321
real,264
real,301
real,315
real,251
real,525
real,345
real,727
real,441
real,605
real,363
real,555
real,261
real,622
real,637
real,364
real,628
real,313
real,371
real,822
real,142
real,801
real,456
real,238
real,719
real,510
real,293
real,193
real,265
real,240
real,289
real,481
real,206
real,398
real,342
real,241
real,129
real,193
real,212
real,416
real,430
real,746
real,226
real,318
real,300
real,218
real,474
real,427
real,309
real,637
real,363
real,595
real,338
real,190
real,296
real,403
real,808
real,269
real,630
real,421
real,446
real,720
real,269
real,283
real,272
real,342
real,961
real,602
real,699
real,828
real,700
real,571
real,528
real,457
real,537
real,253
real,499
real,239
real,514
real,252
real,848
real,278
real,292
real,375
real,436
real,328
real,221
real,338
real,380
real,407
real,514
real,892
real,623
real,225
real,510
real,212
real,529
real,239
real,320
real,426
real,503
real,405
real,203
real,501
real,228
real,300
real,706
real,686
real,503
real,213
real,708
real,304
real,257
real,560
real,729
real,382
real,444
real,281
real,273
real,473
real,731
real,272
real,436
real,827
real,601
real,367
real,677
real,374
real,392
real,479
real,214
real,249
real,452
real,188
real,673
real,410
real,317
real,631
real,396
real,242
real,298
real,242
real,284
real,222
real,311
real,181
real,282
real,543
real,265
real,462
real,279
real,748
real,228
real,367
real,353
real,328
real,262
real,493
real,325
real,357
real,378
real,307
real,238
real,350
real,700
real,328
real,187
real,274
real,603
real,337
real,290
real,409
real,343
real,542
real,499
real,523
real,250
real,558
real,229
real,403
real,568
real,528
real,457
real,222
real,490
real,711
real,349
real,120
real,240
real,256
real,368
real,216
real,393
real,201
real,464
real,383
real,253
real,163
real,249
real,421
real,342
real,383
real,377
real,283
real,213
real,282
real,318
real,820
real,384
real,242
real,411
real,479
real,253
real,459
real,254
real,273
real,322
real,378
real,283
real,266
real,249
real,337
real,711
real,837
real,270
real,594
real,295
real,278
real,398
real,470
real,292
real,705
real,199
real,270
real,398
real,584
real,421
real,381
real,237
real,554
real,290
real,597
real,720
real,848
real,249
real,611
real,599
real,468
real,461
real,501
real,792
real,369
real,398
real,338
real,535
real,364
real,572
real,309
real,202
real,426
real,292
real,501
real,323
real,317
real,770
real,457
real,530
real,331
real,305
real,322
real,298
real,304
real,514
real,877
real,506
real,451
real,374
real,208
real,200
real,262
real,518
real,489
real,472
real,141
real,600
real,401
real,160
real,212
real,415
real,395
real,711
real,405
real,404
real,307
real,445
real,352
real,273
real,545
real,161
real,472
real,598
real,267
real,367
real,581
real,764
real,769
real,131
real,590
real,258
real,721
real,486
real,359
real,331
real,304
real,265
real,368
real,520
real,339
real,646
real,470
real,590
real,515
real,269
real,112
real,430
real,447
real,594
real,216
real,432
real,833
real,649
real,499
real,298
real,341
real,531
real,198
real,359
real,503
real,547
real,277
real,425
real,163
real,371
real,346
real,461
real,333
real,175
real,586
real,213
real,211
real,421
real,181
real,697
real,230
real,254
real,374
real,531
real,705
real,504
real,510
real,214
real,233
real,680
real,870
real,265
real,380
real,427
real,738
real,319
real,681
real,214
real,276
real,260
real,255
real,616
real,200
real,529
real,235
real,214
real,251
real,215
real,373
real,714
real,585
real,443
real,421
real,523
real,244
real,321
real,516
real,294
real,623
real,457
real,152
real,405
real,678
real,190
real,496
real,447
real,800
real,423
real,259
real,253
real,208
real,693
real,582
real,750
real,610
real,430
real,223
real,539
real,540
real,254
real,520
real,613
real,827
real,257
real,810
real,617
real,264
real,461
real,746
real,358
real,226
real,326
real,643
real,328
real,202
real,277
real,228
real,845
real,404
real,375
real,189
real,444
real,631
real,200
real,264
real,481
real,370
real,232
real,382
real,264
real,243
real,655
real,211
real,440
real,169
real,198
real,441
real,171
real,405
real,333
real,333
real,747
real,270
real,407
real,952
real,291
real,315
real,130
real,200
real,543
real,362
real,407
real,438
real,255
real,305
real,608
real,409
real,512
real,456
real,609
real,638
real,387
real,533
real,608
real,640
real,301
real,251
real,785
real,138
real,375
real,365
real,239
real,300
real,371
real,971
real,343
real,434
real,289
real,271
real,359
real,485
real,283
real,158
real,227
real,366
real,279
real,332
real,261
real,763
real,274
real,326
real,519
real,568
real,571
real,384
real,394
real,364
real,441
real,250
real,175
real,685
real,420
real,288
real,292
real,296
real,494
real,642
real,402
real,234
real,382
real,426
real,836
real,405
real,343
real,416
real,625
real,318
real,715
real,312
real,416
real,503
real,727
real,376
real,472
real,261
real,314
real,291
real,534
real,397
real,296
real,264
real,471
real,314
real,498
real,473
real,348
real,387
real,252
real,622
real,199
real,380
real,214
real,522
real,443
real,270
real,614
real,239
real,495
real,267
real,331
real,494
real,546
real,188
real,411
real,260
real,366
real,271
real,317
real,340
real,401
real,514
real,1000
real,434
real,206
real,411
real,311
real,318
real,938
real,501
real,569
real,782
real,184
real,224
real,546
real,322
real,706
real,536
real,408
real,565
real,410
real,948
real,452
real,896
real,294
real,353
real,428
real,244
real,454
real,266
real,376
real,316
real,289
real,237
real,648
real,601
real,239
real,751
real,600
real,249
real,703
real,305
real,725
real,461
real,479
real,285
real,347
real,260
real,171
real,351
real,564
real,408
real,521
real,353
real,361
real,423
real,316
real,486
real,282
real,357
real,713
real,796
real,497
real,196
real,290
real,570
real,166
real,350
real,489
real,226
real,571
real,499
real,711
real,415
real,276
real,389
real,358
real,483
real,582
real,326
real,254
real,288
real,374
real,312
real,483
real,412
real,511
real,370
real,197
real,233
real,239
real,253
real,473
real,286
real,258
real,209
real,369
real,365
real,305
real,386
real,318
real,376
real,237
real,281
real,294
real,552
real,343
real,476
real,872
real,274
real,344
real,243
real,401
real,174
real,544
real,275
real,602
real,291
real,403
real,291
real,312
real,332
real,821
real,458
real,292
real,524
real,323
real,617
real,424
real,1002
real,419
real,867
real,539
real,272
real,207
real,258
real,336
real,275
real,429
real,207
real,338
real,902
real,500
real,295
real,156
real,624
real,994
real,371
real,832
real,275
real,501
real,276
real,422
real,300
real,283
real,671
real,515
real,766
real,378
real,334
real,470
real,549
real,275
real,363
real,402
real,401
real,212
real,301
real,223
real,649
real,415
real,278
real,620
real,368
real,773
real,340
real,364
real,602
real,398
real,527
real,352
real,319
real,406
real,597
real,339
real,309
real,743
real,384
real,213
real,232
real,664
real,478
real,252
real,270
real,227
real,549
real,311
real,760
real,482
real,359
real,496
real,334
real,464
real,535
real,400
real,457
real,212
real,270
real,398
real,354
real,327
real,222
real,566
real,184
real,671
real,334
real,352
real,232
real,618
real,410
real,364
real,215
real,381
real,691
real,434
real,333
real,815
real,394
real,297
real,359
real,333
real,497
real,458
real,455
real,703
real,504
real,401
real,37
real,916
real,860
real,809
real,540
real,546
real,792
real,899
real,455
real,528
real,300
real,245
real,286
real,802
real,241
real,853
real,491
real,369
real,495
real,528
real,561
real,235
real,634
real,253
real,393
real,423
real,326
real,447
real,385
real,402
real,251
real,939
real,203
real,253
real,513
real,259
real,353
real,281
real,167
real,400
real,222
real,309
real,340
real,470
real,273
real,474
real,339
real,341
real,435
real,314
real,431
real,380
real,524
real,311
real,314
real,190
real,348
real,192
real,342
real,762
real,294
real,173
real,299
real,491
real,214
real,238
real,463
real,352
real,307
real,272
real,403
real,397
real,366
real,279
real,265
real,585
real,427
real,235
real,625
real,565
real,278
real,733
real,420
real,344
real,535
real,337
real,493
real,371
real,330
real,519
real,333
real,197
real,237
real,201
real,491
real,204
real,298
real,1161
real,313
real,367
real,414
real,451
real,510
real,249
real,224
real,465
real,181
real,485
real,347
real,353
real,681
real,807
real,468
real,197
real,391
real,295
real,901
real,477
real,187
real,378
real,732
real,270
real,305
real,432
real,583
real,296
real,345
real,469
real,397
real,655
real,232
real,184
real,678
real,569
real,499
real,463
real,641
real,550
real,490
real,426
real,215
real,398
real,447
real,322
real,413
real,183
real,307
real,447
real,433
real,478
real,587
real,438
real,283
real,335
real,314
real,301
real,396
real,643
real,313
real,345
real,190
real,722
real,323
real,383
real,582
real,480
real,213
real,242
real,348
real,216
real,299
real,585
real,267
real,604
real,170
real,309
real,355
real,345
real,431
real,395
real,320
real,376
real,242
real,330
real,310
real,641
real,288
real,275
real,315
real,678
real,314
real,284
real,223
real,250
real,244
real,302
real,361
real,535
real,364
real,230
real,386
real,310
real,372
real,256
real,298
real,768
real,389
real,533
real,318
real,807
real,437
real,341
real,386
real,425
real,892
real,344
real,661
real,343
real,428
real,316
real,382
real,807
real,481
real,293
real,864
real,316
real,354
real,421
real,200
real,566
real,540
real,409
real,637
real,566
real,330
real,620
real,372
real,554
real,430
real,835
real,443
real,633
real,303
real,281
real,783
real,240
real,253
real,330
real,250
real,317
real,547
real,398
real,446
real,256
real,350
real,680
real,252
real,181
real,222
real,443
real,373
real,549
real,123
real,154
real,489
real,268
real,688
real,231
real,125
real,502
real,592
real,338
real,329
real,327
real,656
real,502
real,461
real,261
real,367
real,342
real,279
real,252
real,413
real,636
real,378
real,233
real,305
real,599
real,487
real,211
real,489
real,408
real,369
real,364
real,247
real,200
real,518
real,281
real,424
real,316
real,309
real,367
real,286
real,1094
real,442
real,357
real,289
real,371
real,174
real,157
real,331
real,648
real,401
real,388
real,187
real,482
real,551
real,212
real,464
real,118
real,489
real,191
real,220
real,325
real,366
real,283
real,178
real,261
real,178
real,526
real,1016
real,412
real,735
real,572
real,534
real,216
real,248
real,237
real,232
real,231
real,738
real,504
real,361
real,266
real,385
real,649
real,331
real,235
real,295
real,444
real,262
real,405
real,426
real,416
real,612
real,495
real,250
real,391
real,419
real,220
real,335
real,357
real,394
real,363
real,682
real,403
real,416
real,760
real,163
real,499
real,187
real,197
real,347
real,183
real,294
real,503
real,351
real,275
real,468
real,974
real,257
real,611
real,651
real,431
real,410
real,193
real,351
real,531
real,286
real,203
real,397
real,382
real,451
real,561
real,476
real,561
real,235
real,165
real,227
real,462
real,956
real,386
real,245
real,609
real,210
real,603
real,427
real,481
real,247
real,282
real,578
real,392
real,279
real,698
real,405
real,458
real,273
real,551
real,294
real,399
real,460
real,667
real,272
real,226
real,450
real,408
real,372
real,271
real,551
real,494
real,487
real,336
real,256
real,413
real,233
real,541
real,313
real,251
real,587
real,611
real,327
real,432
real,446
real,472
real,168
real,545
real,284
real,329
real,463
real,328
real,191
real,544
real,440
real,256
real,508
real,210
real,630
real,451
real,345
real,531
real,506
real,542
real,283
real,418
real,367
real,409
real,694
real,278
real,324
real,418
real,794
real,346
real,175
real,467
real,435
real,278
real,452
real,315
real,287
real,254
real,173
real,275
real,207
real,225
real,248
real,238
real,439
real,543
real,135
real,398
real,346
real,313
real,261
real,436
real,314
real,273
real,623
real,509
real,501
real,328
real,401
real,577
real,257
real,414
real,397
real,315
real,447
real,205
real,266
real,228
real,336
real,242
real,710
real,582
real,239
real,271
real,476
real,335
real,726
real,315
real,521
real,320
real,758
real,448
real,242
real,339
real,645
real,337
real,648
real,525
real,461
real,316
real,429
real,453
real,347
real,230
real,379
real,203
real,301
real,197
real,261
real,609
real,423
real,255
real,842
real,968
real,227
real,526
real,283
real,326
real,698
real,798
real,501
real,944
real,334
real,789
real,328
real,189
real,306
real,702
real,330
real,363
real,225
real,213
real,371
real,459
real,425
real,466
real,260
real,380
real,237
real,222
real,368
real,228
real,259
real,648
real,539
real,248
real,308
real,174
real,233
real,419
real,245
real,192
real,267
real,410
real,285
real,336
real,364
real,466
real,378
real,357
real,370
real,414
real,572
real,582
real,465
real,224
real,495
real,398
real,328
real,427
real,360
real,510
real,619
real,407
real,277
real,324
real,870
real,469
real,310
real,299
real,333
real,526
real,512
real,302
real,113
real,383
real,267
real,330
real,397
real,548
real,348
real,265
real,382
real,454
real,539
real,418
real,432
real,192
real,264
real,534
real,481
real,238
real,427
real,287
real,540
real,327
real,250
real,478
real,368
real,448
real,251
real,329
real,469
real,342
real,296
real,468
real,575
real,808
real,206
real,193
real,400
real,279
real,549
real,377
real,213
real,565
real,649
real,425
real,798
real,229
real,248
real,324
real,232
real,776
real,259
real,302
real,298
real,454
real,858
real,1049
real,258
real,259
real,313
real,392
real,287
real,243
real,216
real,293
real,375
real,333
real,360
real,449
real,392
real,546
real,307
real,719
real,804
real,324
real,151
real,299
real,263
real,464
real,224
real,216
real,602
real,632
real,689
real,502
real,222
real,217
real,611
real,299
real,854
real,509
real,370
real,313
real,197
real,445
real,781
real,183
real,604
real,273
real,264
real,277
real,475
real,300
real,517
real,233
real,286
real,371
real,253
real,241
real,699
real,533
real,205
real,359
real,540
real,398
real,587
real,441
real,750
real,659
real,381
real,610
real,252
real,330
real,283
real,192
real,521
real,588
real,353
real,178
real,416
real,435
real,327
real,415
real,565
real,339
real,573
real,372
real,269
real,475
real,273
real,269
real,220
real,388
real,570
real,214
real,216
real,844
real,411
real,575
real,485
real,675
real,265
real,347
real,535
real,919
real,566
real,286
real,196
real,274
real,521
real,369
real,730
real,378
real,285
real,236
real,620
real,286
real,525
real,391
real,327
real,333
real,352
real,239
real,753
real,431
real,400
real,493
real,281
real,213
real,580
real,310
real,248
real,245
real,416
real,305
real,230
real,402
real,284
real,419
real,385
real,433
real,442
real,264
real,435
real,881
real,415
real,272
real,680
real,816
real,593
real,410
real,299
real,726
real,401
real,374
real,765
real,575
real,288
real,392
real,204
real,209
real,389
real,329
real,651
real,207
real,370
real,632
real,413
real,535
real,282
real,320
real,404
real,194
real,275
real,629
real,241
real,359
real,209
real,914
real,321
real,1157
real,368
real,378
real,315
real,316
real,618
real,450
real,378
real,233
real,463
real,264
real,380
real,371
real,246
real,552
real,406
real,267
real,199
real,280
real,217
real,323
real,381
real,366
real,339
real,393
real,264
real,295
real,627
real,194
real,533
real,380
real,540
real,261
real,638
real,322
real,241
real,459
real,558
real,243
real,349
real,354
real,281
real,199
real,490
real,643
real,539
real,513
real,177
real,523
real,1071
real,312
real,326
real,378
real,504
real,756
real,759
real,803
real,314
real,405
real,367
real,488
real,206
real,670
real,551
real,292
real,320
real,465
real,326
real,300
real,458
real,305
real,213
real,343
real,372
real,286
real,220
real,359
real,142
real,786
real,293
real,351
real,569
real,383
real,453
real,504
real,237
real,304
real,222
real,483
real,281
real,527
real,323
real,265
real,357
real,440
real,595
real,313
real,350
real,599
real,367
real,531
real,222
real,706
real,457
real,273
real,323
real,213
real,166
real,249
real,276
real,342
real,395
real,282
real,256
real,398
real,259
real,247
real,389
real,349
real,395
real,366
real,540
real,570
real,768
real,659
real,312
real,216
real,416
real,303
real,385
real,403
real,347
real,559
real,420
real,387
real,513
real,283
real,473
real,528
real,416
real,569
real,335
real,350
real,264
real,508
real,851
real,527
real,500
real,488
real,499
real,687
real,363
real,230
real,462
real,736
real,331
real,260
real,679
real,362
real,165
real,678
real,246
real,289
real,239
real,203
real,335
real,379
real,255
real,525
real,467
real,455
real,421
real,485
real,327
real,359
real,485
real,865
real,419
real,224
real,430
real,434
real,327
real,214
real,235
real,166
real,370
real,444
real,713
real,397
real,398
real,423
real,287
real,621
real,372
real,814
real,440
real,783
real,363
real,292
real,431
real,323
real,994
real,168
real,808
real,205
real,568
real,363
real,294
real,218
real,189
real,264
real,510
real,237
real,212
real,259
real,843
real,701
real,345
real,294
real,742
real,872
real,731
real,411
real,333
real,593
real,779
real,373
real,412
real,825
real,199
real,429
real,322
real,937
real,488
real,239
real,230
real,307
real,563
real,582
real,314
real,741
real,434
real,264
real,150
real,204
real,434
real,404
real,232
real,270
real,204
real,401
real,755
real,237
real,447
real,360
real,274
real,474
real,355
real,700
real,297
real,280
real,294
real,376
real,551
real,504
real,479
real,387
real,518
real,747
real,155
real,310
real,513
real,482
real,254
real,252
real,315
real,264
real,342
real,318
real,458
real,641
real,224
real,213
real,201
real,473
real,414
real,198
real,328
real,426
real,624
real,409
real,412
real,318
real,211
real,249
real,333
real,439
real,441
real,368
real,757
real,545
real,252
real,434
real,339
real,451
real,442
real,290
real,424
real,270
real,265
real,452
real,415
real,821
real,364
real,533
real,643
real,437
real,370
real,270
real,418
real,537
real,637
real,307
real,389
real,278
real,587
real,875
real,466
real,439
real,255
real,374
real,376
real,249
real,543
real,205
real,229
real,262
real,400
real,348
real,494
real,603
real,716
real,536
real,308
real,285
real,287
real,378
real,289
real,339
real,340
real,341
real,391
real,259
real,453
real,318
real,415
real,582
real,546
real,581
real,217
real,284
real,741
real,336
real,199
real,307
real,332
real,234
real,393
real,763
real,276
real,340
real,371
real,449
real,454
real,171
real,353
real,416
real,360
real,557
real,153
real,351
real,510
real,247
real,612
real,251
real,432
real,344
real,412
real,324
real,311
real,646
real,536
real,186
real,603
real,528
real,237
real,604
real,361
real,514
real,244
real,277
real,363
real,257
real,599
real,132
real,221
real,463
real,183
real,945
real,192
real,750
real,417
real,517
real,308
real,286
real,356
real,450
real,284
real,602
real,615
real,330
real,349
real,251
real,505
real,377
real,423
real,258
real,942
real,485
real,185
real,549
real,335
real,408
real,245
real,212
real,738
real,490
real,632
real,409
real,345
real,236
real,681
real,608
real,381
real,335
real,715
real,697
real,261
real,706
real,155
real,368
real,501
real,236
real,237
real,382
real,626
real,318
real,329
real,702
real,311
real,472
real,242
real,424
real,299
real,300
real,369
real,290
real,498
real,293
real,159
real,634
real,469
real,460
real,470
real,233
real,212
real,332
real,380
real,708
real,585
real,260
real,287
real,391
real,286
real,533
real,220
real,338
real,370
real,236
real,417
real,502
real,864
real,391
real,258
real,276
real,265
real,251
real,606
real,260
real,337
real,971
real,369
real,422
real,563
real,693
real,660
real,340
real,402
real,523
real,252
real,512
real,355
real,237
real,456
real,628
real,694
real,344
real,270
real,204
real,752
real,337
real,186
real,360
real,768
real,486
real,470
real,296
real,481
real,381
real,290
real,382
real,457
real,279
real,612
real,226
real,216
real,173
real,533
real,201
real,566
real,330
real,454
real,594
real,584
real,759
real,462
real,494
real,240
real,445
real,287
real,248
real,336
real,446
real,483
real,339
real,254
real,568
real,367
real,339
real,338
real,196
real,360
real,374
real,502
real,234
real,351
real,269
real,401
real,243
real,439
real,291
real,1118
real,242
real,221
real,206
real,353
real,279
real,181
real,312
real,594
real,184
real,567
real,245
real,273
real,165
real,460
real,322
real,407
real,494
real,137
real,405
real,435
real,312
real,207
real,296
real,815
real,748
real,444
real,555
real,225
real,403
real,251
real,399
real,511
real,427
real,525
real,592
real,370
real,135
real,438
real,885
real,278
real,369
real,466
real,303
real,258
real,452
real,247
real,509
real,248
real,471
real,281
real,359
real,265
real,351
real,743
real,334
real,485
real,647
real,465
real,300
real,622
real,189
real,500
real,586
real,447
real,198
real,237
real,462
real,381
real,378
real,375
real,757
real,254
real,415
real,262
real,283
real,452
real,218
real,173
real,417
real,229
real,390
real,353
real,216
real,350
real,428
real,493
real,639
real,539
real,324
real,195
real,215
real,456
real,562
real,168
real,434
real,548
real,440
real,635
real,279
real,502
real,342
real,599
real,310
real,457
real,313
real,678
real,384
real,657
real,672
real,511
real,446
real,299
real,618
real,605
real,399
real,238
real,208
real,891
real,226
real,709
real,332
real,417
real,130
real,384
real,353
real,688
real,320
real,329
real,544
real,624
real,292
real,499
real,713
real,839
real,342
real,704
real,687
real,304
real,314
real,197
real,386
real,263
real,352
real,259
real,265
real,330
real,787
real,435
real,547
real,279
real,319
real,408
real,809
real,197
real,268
real,463
real,247
real,422
real,306
real,387
real,346
real,620
real,654
real,389
real,307
real,309
real,729
real,975
real,336
real,424
real,219
real,814
real,215
real,312
real,328
real,355
real,285
real,370
real,428
real,474
real,394
real,260
real,413
real,602
real,444
real,220
real,542
real,256
real,785
real,603
real,819
real,481
real,491
real,581
real,322
real,726
real,234
real,623
real,553
real,432
real,173
real,290
real,744
real,368
real,220
real,247
real,301
real,714
real,729
real,655
real,538
real,256
real,195
real,353
real,443
real,569
real,468
real,334
real,388
real,392
real,776
real,462
real,172
real,241
real,388
real,420
real,204
real,337
real,753
real,400
real,264
real,253
real,576
real,245
real,257
real,203
real,260
real,454
real,597
real,244
real,227
real,388
real,313
real,366
real,856
real,844
real,302
real,194
real,312
real,264
real,502
real,615
real,306
real,471
real,360
real,675
real,213
real,433
real,299
real,353
real,260
real,314
real,362
real,249
real,174
real,306
real,488
real,763
real,161
real,458
real,404
real,202
real,290
real,665
real,596
real,199
real,310
real,440
real,419
real,366
real,864
real,470
real,214
real,690
real,402
real,515
real,596
real,357
real,781
real,291
real,612
real,218
real,413
real,702
real,316
real,287
real,456
real,660
real,536
real,325
real,210
real,97
real,177
real,869
real,302
real,769
real,648
real,334
real,269
real,461
real,852
real,652
real,273
real,565
real,204
real,387
real,364
real,459
real,358
real,423
real,507
real,648
real,534
real,282
real,312
real,414
real,548
real,225
real,670
real,450
real,268
real,511
real,169
real,1054
real,386
real,378
real,321
real,242
real,412
real,400
real,380
real,747
real,770
real,290
real,337
real,238
real,238
real,1039
real,463
real,183
real,269
real,159
real,268
real,271
real,328
real,347
real,551
real,574
real,469
real,409
real,435
real,237
real,236
real,335
real,197
real,587
real,421
real,162
real,473
real,195
real,776
real,231
real,293
real,258
real,224
real,245
real,188
real,227
real,214
real,929
real,257
real,760
real,275
real,250
real,232
real,442
real,250
real,730
real,170
real,387
real,254
real,235
real,331
real,497
real,400
real,381
real,373
real,324
real,457
real,796
real,741
real,511
real,611
real,172
real,399
real,444
real,660
real,188
real,386
real,372
real,217
real,539
real,1021
real,803
real,397
real,448
real,497
real,302
real,409
real,319
real,208
real,461
real,408
real,288
real,430
real,213
real,466
real,595
real,237
real,462
real,542
real,330
real,462
real,486
real,250
real,356
real,300
real,316
real,516
real,508
real,992
real,332
real,295
real,477
real,212
real,397
real,523
real,347
real,257
real,336
real,1183
real,427
real,289
real,316
real,546
real,245
real,698
real,732
real,469
real,378
real,658
real,118
real,579
real,635
real,356
real,744
real,251
real,430
real,347
real,285
real,441
real,146
real,403
real,485
real,475
real,700
real,292
real,165
real,681
real,340
real,539
real,429
real,618
real,199
real,648
real,410
real,747
real,337
real,378
real,673
real,247
real,181
real,475
real,270
real,228
real,435
real,253
real,424
real,542
real,383
real,573
real,332
real,946
real,306
real,260
real,313
real,596
real,588
real,496
real,355
real,364
real,331
real,519
real,512
real,578
real,482
real,593
real,525
real,645
real,655
real,306
real,195
real,287
real,490
real,329
real,963
real,598
real,483
real,258
real,505
real,220
real,467
real,224
real,354
real,419
real,301
real,439
real,362
real,314
real,306
real,259
real,642
real,318
real,473
real,276
real,354
real,237
real,671
real,474
real,376
real,489
real,252
real,440
real,304
real,428
real,279
real,624
real,309
real,255
real,438
real,297
real,228
real,317
real,532
real,244
real,199
real,166
real,471
real,241
real,400
real,756
real,359
real,241
real,330
real,478
real,311
real,183
real,456
real,419
real,546
real,668
real,309
real,260
real,469
real,443
real,598
real,796
real,210
real,373
real,224
real,478
real,698
real,814
real,315
real,291
real,550
real,569
real,240
real,595
real,314
real,760
real,629
real,277
real,512
real,389
real,438
real,321
real,176
real,485
real,299
real,573
real,225
real,695
real,310
real,1027
real,241
real,605
real,603
real,269
real,168
real,481
real,365
real,626
real,780
real,254
real,312
real,566
real,610
real,582
real,533
real,569
real,227
real,584
real,250
real,361
real,288
real,345
real,216
real,227
real,525
real,291
real,364
real,503
real,685
real,462
real,331
real,263
real,871
real,363
real,1107
real,626
real,553
real,386
real,303
real,491
real,681
real,699
real,252
real,459
real,263
real,188
real,164
real,277
real,300
real,697
real,401
real,406
real,148
real,386
real,232
real,272
real,147
real,286
real,531
real,329
real,326
real,165
real,355
real,335
real,616
real,638
real,602
real,434
real,346
real,906
real,213
real,217
real,372
real,734
real,558
real,428
real,871
real,371
real,287
real,333
real,364
real,486
real,181
real,517
real,483
real,334
real,213
real,237
real,614
real,335
real,182
real,422
real,983
real,488
real,278
real,161
real,582
real,344
real,501
real,547
real,376
real,525
real,407
real,233
real,247
real,527
real,263
real,513
real,770
real,251
real,543
real,472
real,314
real,255
real,231
real,508
real,302
real,524
real,534
real,496
real,248
real,377
real,379
real,406
real,250
real,736
real,372
real,458
real,218
real,239
real,252
real,219
real,377
real,379
real,290
real,783
real,418
real,458
real,175
real,449
real,335
real,202
real,396
real,411
real,652
real,284
real,497
real,321
real,200
real,757
real,407
real,449
real,394
real,216
real,433
real,335
real,705
real,297
real,437
real,650
real,233
real,224
real,371
real,325
real,296
real,321
real,805
real,484
real,505
real,275
real,261
real,437
real,198
real,265
real,754
real,509
real,659
real,204
real,523
real,245
real,616
real,862
real,292
real,513
real,439
real,711
real,487
real,390
real,253
real,281
real,662
real,431
real,242
real,474
real,562
real,376
real,375
real,199
real,808
real,176
real,356
real,385
real,363
real,286
real,241
real,480
real,271
real,466
real,583
real,555
real,424
real,346
real,359
real,292
real,294
real,354
real,306
real,530
real,500
real,659
real,641
real,801
real,782
real,712
real,522
real,476
real,418
real,449
real,495
real,434
real,534
real,344
real,361
real,505
real,469
real,320
real,467
real,377
real,422
real,188
real,362
real,346
real,954
real,332
real,532
real,266
real,378
real,263
real,411
real,363
real,390
real,239
real,292
real,668
real,332
real,275
real,550
real,453
real,519
real,403
real,695
real,236
real,422
real,201
real,278
real,186
real,510
real,624
real,362
real,239
real,375
real,619
real,416
real,241
real,217
real,1048
real,734
real,452
real,319
real,290
real,422
real,446
real,348
real,163
real,777
real,273
real,455
real,516
real,341
real,196
real,515
real,912
real,434
real,578
real,500
real,346
real,300
real,237
real,388
real,546
real,203
real,350
real,479
real,345
real,378
real,601
real,195
real,361
real,494
real,222
real,267
real,351
real,283
